original_path,new_path,category
./audio_processing_system/README.md,./output/reports/README.md,output/reports
./audio_processing_system/__init__.py,./src/__init__.py,src
./audio_processing_system/audio_processing_system/__init__.py,./src/__init___1.py,src
./audio_processing_system/audio_processing_system/core/__init__.py,./src/__init___2.py,src
./audio_processing_system/audio_processing_system/core/configuration.py,./src/configuration.py,src
./audio_processing_system/audio_processing_system/core/engine.py,./src/engine.py,src
./audio_processing_system/audio_processing_system/core/integration.py,./src/integration.py,src
./audio_processing_system/audio_processing_system/core/monitor.py,./src/monitor.py,src
./audio_processing_system/audio_processing_system/core/state.py,./src/state.py,src
./audio_processing_system/audio_processing_system/interface/__init__.py,./src/__init___3.py,src
./audio_processing_system/audio_processing_system/interface/controls.py,./src/controls.py,src
./audio_processing_system/audio_processing_system/interface/display.py,./src/display.py,src
./audio_processing_system/audio_processing_system/main.py,./src/main.py,src
./audio_processing_system/audio_processing_system/processors/__init__.py,./src/__init___4.py,src
./audio_processing_system/audio_processing_system/processors/adaptive.py,./src/adaptive.py,src
./audio_processing_system/audio_processing_system/processors/bass_splitter.py,./src/bass_splitter.py,src
./audio_processing_system/audio_processing_system/processors/channel_controller.py,./src/channel_controller.py,src
./audio_processing_system/audio_processing_system/processors/filter_network.py,./src/filter_network.py,src
./audio_processing_system/audio_processing_system/processors/granular.py,./src/granular.py,src
./audio_processing_system/audio_processing_system/processors/hd_compressor.py,./src/hd_compressor.py,src
./audio_processing_system/audio_processing_system/processors/io_relay.py,./src/io_relay.py,src
./audio_processing_system/audio_processing_system/processors/master_config.py,./src/master_config.py,src
./audio_processing_system/audio_processing_system/processors/pad_synth.py,./src/pad_synth.py,src
./audio_processing_system/audio_processing_system/processors/polyrhythm.py,./src/polyrhythm.py,src
./audio_processing_system/audio_processing_system/processors/smart_routing.py,./src/smart_routing.py,src
./audio_processing_system/audio_processing_system/processors/spectral.py,./src/spectral.py,src
./audio_processing_system/docker-compose.yml,./config/docker-compose.yml,config
./audio_processing_system/docs/api/index.rst,./output/reports/index.rst,output/reports
./audio_processing_system/docs/examples/index.rst,./output/reports/index_1.rst,output/reports
./audio_processing_system/docs/user_guide/index.rst,./output/reports/index_2.rst,output/reports
./audio_processing_system/examples/advanced_routing.py,./src/advanced_routing.py,src
./audio_processing_system/examples/basic_processing.py,./src/basic_processing.py,src
./audio_processing_system/main.py,./src/main_1.py,src
./audio_processing_system/package.sh,./scripts/package.sh,scripts
./audio_processing_system/pyproject.toml,./config/pyproject.toml,config
./audio_processing_system/setup.py,./src/setup.py,src
./audio_processing_system/test_distribution.py,./tests/test_distribution_1.py,tests
./audio_processing_system/tests/__init__.py,./tests/__init___1.py,tests
./audio_processing_system/tests/test_audio.py,./tests/test_audio_1.py,tests
./audio_processing_system/tests/test_interface.py,./tests/test_interface_1.py,tests
./audio_processing_system/tests/test_processing.py,./tests/test_processing_1.py,tests
./bitcoin-puzzle-solver/src/core/validation.py,./src/validation.py,src
./bitcoin-puzzle-solver/src/generators/sequence_generator.py,./src/sequence_generator_1.py,src
./bitcoin/blockdata/blockchain.rs,./src/blockchain.rs,src
./bitcoin/macros.rs,./src/macros.rs,src
./bitcoin/network/serialize.rs,./src/serialize.rs,src
./bitcoin/network/socket.rs,./src/socket.rs,src
./bitcoin/util/hash.rs,./src/hash.rs,src
./bitcoin/util/uint256.rs,./src/uint256.rs,src
./bitcoin_generated_sequence.txt,./data/raw/bitcoin_generated_sequence_20250528.txt,data/raw
./bitcoin_puzzle_solver/__init__.py,./src/__init___5.py,src
./bitcoin_puzzle_solver/bitcoin-puzzle-solver/src/core/validation.py,./src/validation_1.py,src
./bitcoin_puzzle_solver/bitcoin-puzzle-solver/src/generators/sequence_generator.py,./src/sequence_generator_2.py,src
./bitcoin_puzzle_solver/src/__init__.py,./src/__init___6.py,src
./bitcoin_puzzle_solver/src/core/__init__.py,./src/__init___7.py,src
./bitcoin_puzzle_solver/src/core/validation.py,./src/validation_2.py,src
./bitcoin_puzzle_solver/src/generators/sequence_generator.py,./src/sequence_generator_3.py,src
./bitcoin_sequence_explanation.md,./output/reports/bitcoin_sequence_explanation.md,output/reports
./bitcoin_utils/__init__.py,./src/__init___8.py,src
./bitcoin_utils/candidate_generator.py,./src/candidate_generator.py,src
./bitcoin_utils/integration.py,./src/integration_1.py,src
./candidate_generation/__init__.py,./src/__init___9.py,src
./candidate_generation/high_quality_generator.py,./src/high_quality_generator.py,src
./closest_addresses_memory.json.bak.1741483723,./archive/closest_addresses_memory.json.bak.1741483723,archive
./complete_bitcoin_keys.md,./output/reports/complete_bitcoin_keys.md,output/reports
./complete_bitcoin_sequence.txt,./data/raw/complete_bitcoin_sequence_20250528.txt,data/raw
./contracts/EVMPuzzle.sol,./archive/EVMPuzzle.sol,archive
./deluid,./archive/deluid,archive
./dist,./archive/dist,archive
./download.wpsoftware.net/code/euler/12.c,./src/12.c,src
./download.wpsoftware.net/code/euler/16.c,./src/16.c,src
./download.wpsoftware.net/code/euler/67.c,./src/67.c,src
./download.wpsoftware.net/code/euler/67.data,./archive/67.data,archive
./f,./archive/f,archive
./files/bitcoin_research_filelist.txt,./data/raw/bitcoin_research_filelist_20250528.txt,data/raw
./files/bitcoin_research_tree.txt,./data/raw/bitcoin_research_tree_20250528.txt,data/raw
./generate_full_sequence.py,./src/generate_full_sequence.py,src
./generated_sequence_160.txt,./data/raw/generated_sequence_160_20250528.txt,data/raw
./hammulator.pdf,./output/reports/hammulator.pdf,output/reports
./helpers/address_utils.py,./src/address_utils.py,src
./helpers/pattern_analyzer.py,./src/pattern_analyzer.py,src
./hex_analyzer,./archive/hex_analyzer,archive
./hex_sequence_analysis/bitcoin_docs/bitcoin-birthday.pdf,./output/reports/bitcoin-birthday.pdf,output/reports
./hex_sequence_analysis/bitcoin_puzzle_verifier.py,./src/bitcoin_puzzle_verifier.py,src
./hex_sequence_analysis/bitcoin_sequence_generator.py,./src/bitcoin_sequence_generator.py,src
./hex_sequence_analysis/crypto_tools/wordwallet.tgz,./archive/wordwallet.tgz,archive
./hex_sequence_analysis/key_generator_analyze_deriv_output.txt,./data/raw/key_generator_analyze_deriv_output_20250528.txt,data/raw
./hex_sequence_analysis/key_generator_compressed_check_output.txt,./data/raw/key_generator_compressed_check_output_20250528.txt,data/raw
./hex_sequence_analysis/key_generator_direct_check_output.txt,./data/raw/key_generator_direct_check_output_20250528.txt,data/raw
./hex_sequence_analysis/key_generator_output_1.txt,./data/raw/key_generator_output_1_20250528.txt,data/raw
./hex_sequence_analysis/key_generator_output_10.txt,./data/raw/key_generator_output_10_20250528.txt,data/raw
./hex_sequence_analysis/key_generator_output_11.txt,./data/raw/key_generator_output_11_20250528.txt,data/raw
./hex_sequence_analysis/key_generator_output_12.txt,./data/raw/key_generator_output_12_20250528.txt,data/raw
./hex_sequence_analysis/key_generator_output_2.txt,./data/raw/key_generator_output_2_20250528.txt,data/raw
./hex_sequence_analysis/key_generator_output_3.txt,./data/raw/key_generator_output_3_20250528.txt,data/raw
./hex_sequence_analysis/key_generator_output_4.txt,./data/raw/key_generator_output_4_20250528.txt,data/raw
./hex_sequence_analysis/key_generator_output_5.txt,./data/raw/key_generator_output_5_20250528.txt,data/raw
./hex_sequence_analysis/key_generator_output_6.txt,./data/raw/key_generator_output_6_20250528.txt,data/raw
./hex_sequence_analysis/key_generator_output_7.txt,./data/raw/key_generator_output_7_20250528.txt,data/raw
./hex_sequence_analysis/key_generator_output_8.txt,./data/raw/key_generator_output_8_20250528.txt,data/raw
./hex_sequence_analysis/key_generator_output_9.txt,./data/raw/key_generator_output_9_20250528.txt,data/raw
./hex_sequence_analysis/key_sequence_generator.py,./src/key_sequence_generator.py,src
./hex_sequence_analysis/puzzle_deep_dive.py,./src/puzzle_deep_dive.py,src
./hex_sequence_analysis/puzzle_deep_dive_output.txt,./data/raw/puzzle_deep_dive_output_20250528.txt,data/raw
./hex_sequence_analysis/related_code/gmaxwell-with-derpatch-2016-11-22.tgz,./archive/gmaxwell-with-derpatch-2016-11-22.tgz,archive
./hex_sequence_analysis/related_code/gmaxwell-with-derpatch-2016-11-22/amber.png,./archive/amber.png,archive
./hex_sequence_analysis/related_code/gmaxwell-with-derpatch-2016-11-22/base.lcov,./archive/base.lcov,archive
./hex_sequence_analysis/related_code/gmaxwell-with-derpatch-2016-11-22/contrib/index-sort-b.html,./archive/index-sort-b.html,archive
./hex_sequence_analysis/related_code/gmaxwell-with-derpatch-2016-11-22/contrib/index-sort-f.html,./archive/index-sort-f.html,archive
./hex_sequence_analysis/related_code/gmaxwell-with-derpatch-2016-11-22/contrib/index-sort-l.html,./archive/index-sort-l.html,archive
./hex_sequence_analysis/related_code/gmaxwell-with-derpatch-2016-11-22/contrib/index.html,./archive/index.html,archive
./hex_sequence_analysis/related_code/gmaxwell-with-derpatch-2016-11-22/contrib/lax_der_parsing.c.func-sort-c.html,./archive/lax_der_parsing.c.func-sort-c.html,archive
./hex_sequence_analysis/related_code/gmaxwell-with-derpatch-2016-11-22/contrib/lax_der_parsing.c.func.html,./archive/lax_der_parsing.c.func.html,archive
./hex_sequence_analysis/related_code/gmaxwell-with-derpatch-2016-11-22/contrib/lax_der_parsing.c.gcov.html,./archive/lax_der_parsing.c.gcov.html,archive
./hex_sequence_analysis/related_code/gmaxwell-with-derpatch-2016-11-22/contrib/lax_der_privatekey_parsing.c.func-sort-c.html,./archive/lax_der_privatekey_parsing.c.func-sort-c.html,archive
./hex_sequence_analysis/related_code/gmaxwell-with-derpatch-2016-11-22/contrib/lax_der_privatekey_parsing.c.func.html,./archive/lax_der_privatekey_parsing.c.func.html,archive
./hex_sequence_analysis/related_code/gmaxwell-with-derpatch-2016-11-22/contrib/lax_der_privatekey_parsing.c.gcov.html,./archive/lax_der_privatekey_parsing.c.gcov.html,archive
./hex_sequence_analysis/related_code/gmaxwell-with-derpatch-2016-11-22/emerald.png,./archive/emerald.png,archive
./hex_sequence_analysis/related_code/gmaxwell-with-derpatch-2016-11-22/full.lcov,./archive/full.lcov,archive
./hex_sequence_analysis/related_code/gmaxwell-with-derpatch-2016-11-22/gcov.css,./archive/gcov.css,archive
./hex_sequence_analysis/related_code/gmaxwell-with-derpatch-2016-11-22/glass.png,./archive/glass.png,archive
./hex_sequence_analysis/related_code/gmaxwell-with-derpatch-2016-11-22/index-sort-b.html,./archive/index-sort-b_1.html,archive
./hex_sequence_analysis/related_code/gmaxwell-with-derpatch-2016-11-22/index-sort-f.html,./archive/index-sort-f_1.html,archive
./hex_sequence_analysis/related_code/gmaxwell-with-derpatch-2016-11-22/index-sort-l.html,./archive/index-sort-l_1.html,archive
./hex_sequence_analysis/related_code/gmaxwell-with-derpatch-2016-11-22/index.html,./archive/index_1.html,archive
./hex_sequence_analysis/related_code/gmaxwell-with-derpatch-2016-11-22/ruby.png,./archive/ruby.png,archive
./hex_sequence_analysis/related_code/gmaxwell-with-derpatch-2016-11-22/snow.png,./archive/snow.png,archive
./hex_sequence_analysis/related_code/gmaxwell-with-derpatch-2016-11-22/src/ecdsa_impl.h.func-sort-c.html,./archive/ecdsa_impl.h.func-sort-c.html,archive
./hex_sequence_analysis/related_code/gmaxwell-with-derpatch-2016-11-22/src/ecdsa_impl.h.func.html,./archive/ecdsa_impl.h.func.html,archive
./hex_sequence_analysis/related_code/gmaxwell-with-derpatch-2016-11-22/src/ecdsa_impl.h.gcov.html,./archive/ecdsa_impl.h.gcov.html,archive
./hex_sequence_analysis/related_code/gmaxwell-with-derpatch-2016-11-22/src/eckey_impl.h.func-sort-c.html,./archive/eckey_impl.h.func-sort-c.html,archive
./hex_sequence_analysis/related_code/gmaxwell-with-derpatch-2016-11-22/src/eckey_impl.h.func.html,./archive/eckey_impl.h.func.html,archive
./hex_sequence_analysis/related_code/gmaxwell-with-derpatch-2016-11-22/src/eckey_impl.h.gcov.html,./archive/eckey_impl.h.gcov.html,archive
./hex_sequence_analysis/related_code/gmaxwell-with-derpatch-2016-11-22/src/ecmult_const_impl.h.func-sort-c.html,./archive/ecmult_const_impl.h.func-sort-c.html,archive
./hex_sequence_analysis/related_code/gmaxwell-with-derpatch-2016-11-22/src/ecmult_const_impl.h.func.html,./archive/ecmult_const_impl.h.func.html,archive
./hex_sequence_analysis/related_code/gmaxwell-with-derpatch-2016-11-22/src/ecmult_const_impl.h.gcov.html,./archive/ecmult_const_impl.h.gcov.html,archive
./hex_sequence_analysis/related_code/gmaxwell-with-derpatch-2016-11-22/src/ecmult_gen_impl.h.func-sort-c.html,./archive/ecmult_gen_impl.h.func-sort-c.html,archive
./hex_sequence_analysis/related_code/gmaxwell-with-derpatch-2016-11-22/src/ecmult_gen_impl.h.func.html,./archive/ecmult_gen_impl.h.func.html,archive
./hex_sequence_analysis/related_code/gmaxwell-with-derpatch-2016-11-22/src/ecmult_gen_impl.h.gcov.html,./archive/ecmult_gen_impl.h.gcov.html,archive
./hex_sequence_analysis/related_code/gmaxwell-with-derpatch-2016-11-22/src/ecmult_impl.h.func-sort-c.html,./archive/ecmult_impl.h.func-sort-c.html,archive
./hex_sequence_analysis/related_code/gmaxwell-with-derpatch-2016-11-22/src/ecmult_impl.h.func.html,./archive/ecmult_impl.h.func.html,archive
./hex_sequence_analysis/related_code/gmaxwell-with-derpatch-2016-11-22/src/ecmult_impl.h.gcov.html,./archive/ecmult_impl.h.gcov.html,archive
./hex_sequence_analysis/related_code/gmaxwell-with-derpatch-2016-11-22/src/field_5x52_impl.h.func-sort-c.html,./archive/field_5x52_impl.h.func-sort-c.html,archive
./hex_sequence_analysis/related_code/gmaxwell-with-derpatch-2016-11-22/src/field_5x52_impl.h.func.html,./archive/field_5x52_impl.h.func.html,archive
./hex_sequence_analysis/related_code/gmaxwell-with-derpatch-2016-11-22/src/field_5x52_impl.h.gcov.html,./archive/field_5x52_impl.h.gcov.html,archive
./hex_sequence_analysis/related_code/gmaxwell-with-derpatch-2016-11-22/src/field_5x52_int128_impl.h.func-sort-c.html,./archive/field_5x52_int128_impl.h.func-sort-c.html,archive
./hex_sequence_analysis/related_code/gmaxwell-with-derpatch-2016-11-22/src/field_5x52_int128_impl.h.func.html,./archive/field_5x52_int128_impl.h.func.html,archive
./hex_sequence_analysis/related_code/gmaxwell-with-derpatch-2016-11-22/src/field_5x52_int128_impl.h.gcov.html,./archive/field_5x52_int128_impl.h.gcov.html,archive
./hex_sequence_analysis/related_code/gmaxwell-with-derpatch-2016-11-22/src/field_impl.h.func-sort-c.html,./archive/field_impl.h.func-sort-c.html,archive
./hex_sequence_analysis/related_code/gmaxwell-with-derpatch-2016-11-22/src/field_impl.h.func.html,./archive/field_impl.h.func.html,archive
./hex_sequence_analysis/related_code/gmaxwell-with-derpatch-2016-11-22/src/field_impl.h.gcov.html,./archive/field_impl.h.gcov.html,archive
./hex_sequence_analysis/related_code/gmaxwell-with-derpatch-2016-11-22/src/group_impl.h.func-sort-c.html,./archive/group_impl.h.func-sort-c.html,archive
./hex_sequence_analysis/related_code/gmaxwell-with-derpatch-2016-11-22/src/group_impl.h.func.html,./archive/group_impl.h.func.html,archive
./hex_sequence_analysis/related_code/gmaxwell-with-derpatch-2016-11-22/src/group_impl.h.gcov.html,./archive/group_impl.h.gcov.html,archive
./hex_sequence_analysis/related_code/gmaxwell-with-derpatch-2016-11-22/src/hash_impl.h.func-sort-c.html,./archive/hash_impl.h.func-sort-c.html,archive
./hex_sequence_analysis/related_code/gmaxwell-with-derpatch-2016-11-22/src/hash_impl.h.func.html,./archive/hash_impl.h.func.html,archive
./hex_sequence_analysis/related_code/gmaxwell-with-derpatch-2016-11-22/src/hash_impl.h.gcov.html,./archive/hash_impl.h.gcov.html,archive
./hex_sequence_analysis/related_code/gmaxwell-with-derpatch-2016-11-22/src/index-sort-b.html,./archive/index-sort-b_2.html,archive
./hex_sequence_analysis/related_code/gmaxwell-with-derpatch-2016-11-22/src/index-sort-f.html,./archive/index-sort-f_2.html,archive
./hex_sequence_analysis/related_code/gmaxwell-with-derpatch-2016-11-22/src/index-sort-l.html,./archive/index-sort-l_2.html,archive
./hex_sequence_analysis/related_code/gmaxwell-with-derpatch-2016-11-22/src/index.html,./archive/index_2.html,archive
./hex_sequence_analysis/related_code/gmaxwell-with-derpatch-2016-11-22/src/modules/ecdh/index-sort-b.html,./archive/index-sort-b_3.html,archive
./hex_sequence_analysis/related_code/gmaxwell-with-derpatch-2016-11-22/src/modules/ecdh/index-sort-f.html,./archive/index-sort-f_3.html,archive
./hex_sequence_analysis/related_code/gmaxwell-with-derpatch-2016-11-22/src/modules/ecdh/index-sort-l.html,./archive/index-sort-l_3.html,archive
./hex_sequence_analysis/related_code/gmaxwell-with-derpatch-2016-11-22/src/modules/ecdh/index.html,./archive/index_3.html,archive
./hex_sequence_analysis/related_code/gmaxwell-with-derpatch-2016-11-22/src/modules/ecdh/main_impl.h.func-sort-c.html,./archive/main_impl.h.func-sort-c.html,archive
./hex_sequence_analysis/related_code/gmaxwell-with-derpatch-2016-11-22/src/modules/ecdh/main_impl.h.func.html,./archive/main_impl.h.func.html,archive
./hex_sequence_analysis/related_code/gmaxwell-with-derpatch-2016-11-22/src/modules/ecdh/main_impl.h.gcov.html,./archive/main_impl.h.gcov.html,archive
./hex_sequence_analysis/related_code/gmaxwell-with-derpatch-2016-11-22/src/modules/ecdh/tests_impl.h.func-sort-c.html,./archive/tests_impl.h.func-sort-c.html,archive
./hex_sequence_analysis/related_code/gmaxwell-with-derpatch-2016-11-22/src/modules/ecdh/tests_impl.h.func.html,./archive/tests_impl.h.func.html,archive
./hex_sequence_analysis/related_code/gmaxwell-with-derpatch-2016-11-22/src/modules/ecdh/tests_impl.h.gcov.html,./archive/tests_impl.h.gcov.html,archive
./hex_sequence_analysis/related_code/gmaxwell-with-derpatch-2016-11-22/src/modules/recovery/index-sort-b.html,./archive/index-sort-b_4.html,archive
./hex_sequence_analysis/related_code/gmaxwell-with-derpatch-2016-11-22/src/modules/recovery/index-sort-f.html,./archive/index-sort-f_4.html,archive
./hex_sequence_analysis/related_code/gmaxwell-with-derpatch-2016-11-22/src/modules/recovery/index-sort-l.html,./archive/index-sort-l_4.html,archive
./hex_sequence_analysis/related_code/gmaxwell-with-derpatch-2016-11-22/src/modules/recovery/index.html,./archive/index_4.html,archive
./hex_sequence_analysis/related_code/gmaxwell-with-derpatch-2016-11-22/src/modules/recovery/main_impl.h.func-sort-c.html,./archive/main_impl.h.func-sort-c_1.html,archive
./hex_sequence_analysis/related_code/gmaxwell-with-derpatch-2016-11-22/src/modules/recovery/main_impl.h.func.html,./archive/main_impl.h.func_1.html,archive
./hex_sequence_analysis/related_code/gmaxwell-with-derpatch-2016-11-22/src/modules/recovery/main_impl.h.gcov.html,./archive/main_impl.h.gcov_1.html,archive
./hex_sequence_analysis/related_code/gmaxwell-with-derpatch-2016-11-22/src/modules/recovery/tests_impl.h.func-sort-c.html,./archive/tests_impl.h.func-sort-c_1.html,archive
./hex_sequence_analysis/related_code/gmaxwell-with-derpatch-2016-11-22/src/modules/recovery/tests_impl.h.func.html,./archive/tests_impl.h.func_1.html,archive
./hex_sequence_analysis/related_code/gmaxwell-with-derpatch-2016-11-22/src/modules/recovery/tests_impl.h.gcov.html,./archive/tests_impl.h.gcov_1.html,archive
./hex_sequence_analysis/related_code/gmaxwell-with-derpatch-2016-11-22/src/num_gmp_impl.h.func-sort-c.html,./archive/num_gmp_impl.h.func-sort-c.html,archive
./hex_sequence_analysis/related_code/gmaxwell-with-derpatch-2016-11-22/src/num_gmp_impl.h.func.html,./archive/num_gmp_impl.h.func.html,archive
./hex_sequence_analysis/related_code/gmaxwell-with-derpatch-2016-11-22/src/num_gmp_impl.h.gcov.html,./archive/num_gmp_impl.h.gcov.html,archive
./hex_sequence_analysis/related_code/gmaxwell-with-derpatch-2016-11-22/src/scalar_4x64_impl.h.func-sort-c.html,./archive/scalar_4x64_impl.h.func-sort-c.html,archive
./hex_sequence_analysis/related_code/gmaxwell-with-derpatch-2016-11-22/src/scalar_4x64_impl.h.func.html,./archive/scalar_4x64_impl.h.func.html,archive
./hex_sequence_analysis/related_code/gmaxwell-with-derpatch-2016-11-22/src/scalar_4x64_impl.h.gcov.html,./archive/scalar_4x64_impl.h.gcov.html,archive
./hex_sequence_analysis/related_code/gmaxwell-with-derpatch-2016-11-22/src/scalar_impl.h.func-sort-c.html,./archive/scalar_impl.h.func-sort-c.html,archive
./hex_sequence_analysis/related_code/gmaxwell-with-derpatch-2016-11-22/src/scalar_impl.h.func.html,./archive/scalar_impl.h.func.html,archive
./hex_sequence_analysis/related_code/gmaxwell-with-derpatch-2016-11-22/src/scalar_impl.h.gcov.html,./archive/scalar_impl.h.gcov.html,archive
./hex_sequence_analysis/related_code/gmaxwell-with-derpatch-2016-11-22/src/secp256k1.c.func-sort-c.html,./archive/secp256k1.c.func-sort-c.html,archive
./hex_sequence_analysis/related_code/gmaxwell-with-derpatch-2016-11-22/src/secp256k1.c.func.html,./archive/secp256k1.c.func.html,archive
./hex_sequence_analysis/related_code/gmaxwell-with-derpatch-2016-11-22/src/secp256k1.c.gcov.html,./archive/secp256k1.c.gcov.html,archive
./hex_sequence_analysis/related_code/gmaxwell-with-derpatch-2016-11-22/src/testrand_impl.h.func-sort-c.html,./archive/testrand_impl.h.func-sort-c.html,archive
./hex_sequence_analysis/related_code/gmaxwell-with-derpatch-2016-11-22/src/testrand_impl.h.func.html,./archive/testrand_impl.h.func.html,archive
./hex_sequence_analysis/related_code/gmaxwell-with-derpatch-2016-11-22/src/testrand_impl.h.gcov.html,./archive/testrand_impl.h.gcov.html,archive
./hex_sequence_analysis/related_code/gmaxwell-with-derpatch-2016-11-22/src/tests.c.func-sort-c.html,./archive/tests.c.func-sort-c.html,archive
./hex_sequence_analysis/related_code/gmaxwell-with-derpatch-2016-11-22/src/tests.c.func.html,./archive/tests.c.func.html,archive
./hex_sequence_analysis/related_code/gmaxwell-with-derpatch-2016-11-22/src/tests.c.gcov.html,./archive/tests.c.gcov.html,archive
./hex_sequence_analysis/related_code/gmaxwell-with-derpatch-2016-11-22/src/tests_exhaustive.c.func-sort-c.html,./archive/tests_exhaustive.c.func-sort-c.html,archive
./hex_sequence_analysis/related_code/gmaxwell-with-derpatch-2016-11-22/src/tests_exhaustive.c.func.html,./archive/tests_exhaustive.c.func.html,archive
./hex_sequence_analysis/related_code/gmaxwell-with-derpatch-2016-11-22/src/tests_exhaustive.c.gcov.html,./archive/tests_exhaustive.c.gcov.html,archive
./hex_sequence_analysis/related_code/gmaxwell-with-derpatch-2016-11-22/src/util.h.func-sort-c.html,./archive/util.h.func-sort-c.html,archive
./hex_sequence_analysis/related_code/gmaxwell-with-derpatch-2016-11-22/src/util.h.func.html,./archive/util.h.func.html,archive
./hex_sequence_analysis/related_code/gmaxwell-with-derpatch-2016-11-22/src/util.h.gcov.html,./archive/util.h.gcov.html,archive
./hex_sequence_analysis/related_code/gmaxwell-with-derpatch-2016-11-22/tests.lcov,./archive/tests.lcov,archive
./hex_sequence_analysis/related_code/gmaxwell-with-derpatch-2016-11-22/updown.png,./archive/updown.png,archive
./life.ini,./config/life.ini,config
./logs/.gitkeep,./archive/.gitkeep,archive
./minified/__init__.py,./src/__init___10.py,src
./organized/analysis/bit_patterns/bit_position_analysis.py,./src/bit_position_analysis.py,src
./organized/analysis/candidates/process_addresses.py,./src/process_addresses.py,src
./organized/analysis/collision_analysis.py,./src/collision_analysis.py,src
./organized/analysis/find_67_with_hex.py,./src/find_67_with_hex.py,src
./organized/analysis/integrated_analysis.py,./src/integrated_analysis.py,src
./organized/analysis/known_values.py,./src/known_values.py,src
./organized/analysis/permutation_proof.py,./src/permutation_proof.py,src
./organized/analysis/run_tests.py,./src/run_tests.py,src
./organized/analysis/sequence_analysis/balloon_sequence_analysis.py,./src/balloon_sequence_analysis.py,src
./organized/analysis/sequence_analysis/find_67.py,./src/find_67.py,src
./organized/analysis/sequence_analysis/find_67_bits.py,./src/find_67_bits.py,src
./organized/analysis/sequence_analysis/find_67_complete.py,./src/find_67_complete.py,src
./organized/analysis/sequence_analysis/find_67_optimized.py,./src/find_67_optimized.py,src
./organized/analysis/sequence_analysis/find_67_with_constraints.py,./src/find_67_with_constraints.py,src
./organized/analysis/sequence_analysis/find_67_with_hex.py,./src/find_67_with_hex_1.py,src
./organized/analysis/sequence_analysis/find_68_complete.py,./src/find_68_complete.py,src
./organized/analysis/sequence_analysis/hybrid_crypto_analysis.py,./src/hybrid_crypto_analysis.py,src
./organized/analysis/sequence_analysis/scrypt_sequence_analysis.py,./src/scrypt_sequence_analysis.py,src
./organized/analysis/sequence_analysis/sequence_67_analysis.py,./src/sequence_67_analysis.py,src
./organized/analysis/sequence_finder.py,./src/sequence_finder.py,src
./organized/analysis/sequence_proof.py,./src/sequence_proof.py,src
./organized/data/32.obj,./archive/32.obj,archive
./organized/data/32.objfile,./archive/32.objfile,archive
./organized/data/32bHex.txt,./data/raw/32bHex_20250528.txt,data/raw
./organized/data/analysis_log.txt,./data/raw/analysis_log_20250528.txt,data/raw
./organized/data/binary_types.txt,./data/raw/binary_types_20250528.txt,data/raw
./organized/data/colors.txt,./data/raw/colors_20250528.txt,data/raw
./organized/data/complex_numbers.txt,./data/raw/complex_numbers_20250528.txt,data/raw
./organized/data/coordinates.txt,./data/raw/coordinates_20250528.txt,data/raw
./organized/data/extended_colors.txt,./data/raw/extended_colors_20250528.txt,data/raw
./organized/data/extended_coordinates.txt,./data/raw/extended_coordinates_20250528.txt,data/raw
./organized/data/float_values.txt,./data/raw/float_values_20250528.txt,data/raw
./organized/data/generated_sequence.txt,./data/raw/generated_sequence_20250528.txt,data/raw
./organized/data/hex_formatted.txt,./data/raw/hex_formatted_20250528.txt,data/raw
./organized/data/ip_addresses.txt,./data/raw/ip_addresses_20250528.txt,data/raw
./organized/data/number_properties.txt,./data/raw/number_properties_20250528.txt,data/raw
./organized/data/octal_values.txt,./data/raw/octal_values_20250528.txt,data/raw
./organized/data/pattern_analysis.txt,./data/raw/pattern_analysis_20250528.txt,data/raw
./organized/data/priority_report.txt,./data/raw/priority_report_20250528.txt,data/raw
./organized/data/rational_numbers.txt,./data/raw/rational_numbers_20250528.txt,data/raw
./organized/data/requirements.txt,./data/raw/requirements_20250528.txt,data/raw
./organized/data/scientific_notation.txt,./data/raw/scientific_notation_20250528.txt,data/raw
./organized/data/text_encodings.txt,./data/raw/text_encodings_20250528.txt,data/raw
./organized/data/timestamps.txt,./data/raw/timestamps_20250528.txt,data/raw
./organized/data/tree.txt,./data/raw/tree_20250528.txt,data/raw
./organized/data/utf8_bytes.txt,./data/raw/utf8_bytes_20250528.txt,data/raw
./organized/data/uuids.txt,./data/raw/uuids_20250528.txt,data/raw
./organized/data/waveform_analysis.txt,./data/raw/waveform_analysis_20250528.txt,data/raw
./organized/docs/1006.0381v4.pdf,./output/reports/1006.0381v4.pdf,output/reports
./organized/docs/CHANGELOG.md,./output/reports/CHANGELOG.md,output/reports
./organized/docs/README.md,./output/reports/README_1.md,output/reports
./organized/docs/tradeoff.pdf,./output/reports/tradeoff.pdf,output/reports
./organized/output/256bit_patterns.txt,./data/raw/256bit_patterns_20250528.txt,data/raw
./organized/output/byte_mappings.txt,./data/raw/byte_mappings_20250528.txt,data/raw
./organized/output/index_67_prediction.txt,./data/raw/index_67_prediction_20250528.txt,data/raw
./organized/output/reports/complete_analysis.txt,./data/raw/complete_analysis_20250528.txt,data/raw
./organized/output/reports/crypto_analysis.txt,./data/raw/crypto_analysis_20250528.txt,data/raw
./organized/output/reports/entropy_analysis.txt,./data/raw/entropy_analysis_20250528.txt,data/raw
./organized/output/reports/mathematical_analysis.txt,./data/raw/mathematical_analysis_20250528.txt,data/raw
./organized/output/reports/modular_analysis.txt,./data/raw/modular_analysis_20250528.txt,data/raw
./organized/output/reports/pattern_analysis.txt,./data/raw/pattern_analysis_20250528_1.txt,data/raw
./organized/output/reports/schnorr_analysis.txt,./data/raw/schnorr_analysis_20250528.txt,data/raw
./organized/output/reports/secp256k1_analysis.txt,./data/raw/secp256k1_analysis_20250528.txt,data/raw
./organized/output/reports/sequence_analysis.txt,./data/raw/sequence_analysis_20250528.txt,data/raw
./organized/output/reports/statistical_analysis.txt,./data/raw/statistical_analysis_20250528.txt,data/raw
./organized/output/reports/visual_analysis.txt,./data/raw/visual_analysis_20250528.txt,data/raw
./organized/output/text/crypto_analysis.txt,./data/raw/crypto_analysis_20250528_1.txt,data/raw
./organized/output/text/entropy_analysis.txt,./data/raw/entropy_analysis_20250528_1.txt,data/raw
./organized/output/text/pattern_analysis.txt,./data/raw/pattern_analysis_20250528_2.txt,data/raw
./organized/output/text/sequence_analysis.txt,./data/raw/sequence_analysis_20250528_1.txt,data/raw
./organized/output/text/statistical_analysis.txt,./data/raw/statistical_analysis_20250528_1.txt,data/raw
./organized/output/text/visual_analysis_text.txt,./data/raw/visual_analysis_text_20250528.txt,data/raw
./organized/output/visual/visual_analysis_density.txt,./data/raw/visual_analysis_density_20250528.txt,data/raw
./organized/output/visual/visual_analysis_grid.txt,./data/raw/visual_analysis_grid_20250528.txt,data/raw
./organized/output/visualizations/address_patterns.png,./archive/address_patterns.png,archive
./organized/output/visualizations/byte_distribution.png,./archive/byte_distribution.png,archive
./organized/output/visualizations/circular_pattern.png,./archive/circular_pattern.png,archive
./organized/output/visualizations/entropy_correlation.png,./archive/entropy_correlation.png,archive
./organized/output/visualizations/entropy_gradient.png,./archive/entropy_gradient.png,archive
./organized/output/visualizations/pattern_distribution.png,./archive/pattern_distribution.png,archive
./organized/output/visualizations/pattern_evolution.png,./archive/pattern_evolution.png,archive
./organized/output/visualizations/pattern_landscape.png,./archive/pattern_landscape.png,archive
./organized/output/visualizations/sequence_patterns.png,./archive/sequence_patterns.png,archive
./organized/output/visualizations/transition_heatmap.png,./archive/transition_heatmap.png,archive
./organized/scripts/advanced_pattern_analysis.py,./src/advanced_pattern_analysis.py,src
./organized/scripts/analyze_hex_pattern.py,./src/analyze_hex_pattern.py,src
./organized/scripts/analyze_ratios.py,./src/analyze_ratios.py,src
./organized/scripts/crypto_pattern_analysis.py,./src/crypto_pattern_analysis.py,src
./organized/scripts/generate_sequence.py,./src/generate_sequence.py,src
./organized/scripts/prepare_for_imagej.py,./src/prepare_for_imagej.py,src
./organized/scripts/sequence_analyzer.py,./src/sequence_analyzer_1.py,src
./organized/scripts/sequence_generator.py,./src/sequence_generator_4.py,src
./organized/scripts/sequence_predictor.py,./src/sequence_predictor_1.py,src
./organized/src/convert_hex.py,./src/convert_hex.py,src
./organized/src/count_67_candidates.py,./src/count_67_candidates.py,src
./organized/src/hex_partition_analyzer.c,./src/hex_partition_analyzer.c,src
./organized/src/hex_possibilities.py,./src/hex_possibilities.py,src
./organized/src/hex_synthesizer.py,./src/hex_synthesizer.py,src
./organized/src/key32WIF.py,./src/key32WIF.py,src
./organized/src/key32addr.py,./src/key32addr.py,src
./organized/src/maintest.py,./src/maintest.py,src
./organized/src/organize_project.py,./src/organize_project.py,src
./organized/src/predict_67.py,./src/predict_67.py,src
./organized/src/presleys_non_linear_bit_permutation_sequence.py,./src/presleys_non_linear_bit_permutation_sequence.py,src
./organized/src/priority_analysis.py,./src/priority_analysis.py,src
./organized/src/run_all_with_32bhex.py,./src/run_all_with_32bhex.py,src
./organized/src/search.py,./src/search.py,src
./organized/src/setup.py,./src/setup_1.py,src
./organized/src/significant_bits_67.py,./src/significant_bits_67.py,src
./organized/src/simple_beep.py,./src/simple_beep.py,src
./organized/src/simple_test.py,./src/simple_test.py,src
./organized/src/test_sound.py,./tests/test_sound_1.py,tests
./organized/tests/test,./tests/test,tests
./organized/tests/test.rb,./tests/test.rb,tests
./organized/tests/tests/test_integrated.py,./tests/test_integrated_1.py,tests
./organized/utils/betting-ml-fixed.js,./scripts/betting-ml-fixed.js,scripts
./organized/utils/betting-ml.js,./archive/betting-ml.js,archive
./organized/utils/eth_finder_bookmarklet.js,./archive/eth_finder_bookmarklet.js,archive
./organized/utils/exportChat.js,./archive/exportChat.js,archive
./partition_160,./archive/partition_160,archive
./patches/bitcoinutils-py39-compat.patch,./archive/bitcoinutils-py39-compat.patch,archive
./path/to/puzzle_solver_160.py,./src/puzzle_solver_160.py,src
./pattern.code-workspace,./archive/pattern.code-workspace,archive
./pattern/bitcoin-puzzle-solver/requirements.txt,./data/raw/requirements_20250528_1.txt,data/raw
./pattern/bitcoin-puzzle-solver/src/helpers/address_utils.py,./src/address_utils_1.py,src
./pattern/bitcoin-puzzle-solver/src/helpers/pattern_analyzer.py,./src/pattern_analyzer_1.py,src
./pattern/bitcoin-puzzle-solver/src/main.py,./src/main_2.py,src
./pattern/quantum-solver/src/helpers/address_utils.py,./src/address_utils_2.py,src
./pattern/quantum-solver/src/main.py,./src/main_3.py,src
./pattern/tx-analyzer/src/helpers/address_utils.py,./src/address_utils_3.py,src
./pattern/tx-analyzer/src/main.py,./src/main_4.py,src
./pattern_compressed.tar.xz,./archive/pattern_compressed.tar.xz,archive
./pattern_ultra.7z,./archive/pattern_ultra.7z,archive
./requirements_installed,./archive/requirements_installed,archive
./results/best_candidates.txt,./data/raw/best_candidates_20250528.txt,data/raw
./results/final_results.txt,./data/raw/final_results_20250528.txt,data/raw
./results/near_misses.txt,./data/raw/near_misses_20250528.txt,data/raw
./results/search_progress.txt,./data/raw/search_progress_20250528.txt,data/raw
./save,./archive/save,archive
./sequence_analysis/double-3-ap,./archive/double-3-ap,archive
./sequence_analysis/double-3-ap.c,./src/double-3-ap_1.c,src
./sequence_analysis_results/bit_growth.png,./archive/bit_growth.png,archive
./sequence_analysis_results/growth_ratios.png,./archive/growth_ratios.png,archive
./shared/utils/README.md,./output/reports/README_2.md,output/reports
./solvers/README.md,./output/reports/README_3.md,output/reports
./solvers/addresses.txt,./data/raw/addresses_20250528.txt,data/raw
./solvers/archive/analyze_ascii.py,./src/analyze_ascii.py,src
./solvers/archive/constant_offset_finder.py,./src/constant_offset_finder.py,src
./solvers/archive/decode_ascii.py,./src/decode_ascii.py,src
./solvers/archive/known_keys.py,./src/known_keys.py,src
./solvers/archive/modular_ops.py,./src/modular_ops.py,src
./solvers/archive/p2sh_analyzer.py,./src/p2sh_analyzer.py,src
./solvers/archive/partition_160.c,./src/partition_160.c,src
./solvers/archive/puzzle_solver.py,./src/puzzle_solver.py,src
./solvers/archive/setup.py,./src/setup_2.py,src
./solvers/archive/write_ascii.py,./src/write_ascii.py,src
./solvers/candidate_data/candidates.bin,./archive/candidates.bin,archive
./solvers/crypto_sequence_solver.py,./src/crypto_sequence_solver.py,src
./solvers/debug_messages.py,./src/debug_messages.py,src
./solvers/debug_output.txt,./data/raw/debug_output_20250528.txt,data/raw
./solvers/frequencypair.py,./src/frequencypair.py,src
./solvers/generate_full_sequence.py,./src/generate_full_sequence_1.py,src
./solvers/helpers/address_utils.py,./src/address_utils_4.py,src
./solvers/helpers/pattern_analyzer.py,./src/pattern_analyzer_2.py,src
./solvers/known_addresses.py,./src/known_addresses.py,src
./solvers/known_solutions.txt,./data/raw/known_solutions_20250528.txt,data/raw
./solvers/organized/data/sequence_output.txt,./data/raw/sequence_output_20250528.txt,data/raw
./solvers/puzzle-solver.py,./src/puzzle-solver.py,src
./solvers/src/__init__.py,./src/__init___11.py,src
./solvers/src/config/__init__.py,./src/__init___12.py,src
./solvers/src/config/debug_messages.py,./src/debug_messages_1.py,src
./solvers/src/config/known_addresses.py,./src/known_addresses_1.py,src
./solvers/src/config/known_solutions.py,./src/known_solutions.py,src
./solvers/src/generators/candidate_generator.py,./src/candidate_generator_1.py,src
./solvers/src/generators/sequence_generator.py,./src/sequence_generator_5.py,src
./solvers/src/sequence_generator.py,./src/sequence_generator_6.py,src
./solvers/validate_sequence.py,./tests/validate_sequence.py,tests
./solvers/validation.py,./src/validation_3.py,src
./test/EVMPuzzle.t.sol,./archive/EVMPuzzle.t.sol,archive
./testttt,./archive/testttt,archive
./uid,./archive/uid,archive
./verified_bitcoin_sequence.txt,./data/raw/verified_bitcoin_sequence_20250530.txt,data/raw
./versions/seq_deepseek_01.py,./src/seq_deepseek_01.py,src
./versions/sequence_generators/sequence_generator_v20241230_012518.py,./src/sequence_generator_v20241230_012518.py,src
./versions/sequence_generators/sequence_generator_v20241230_012629.py,./src/sequence_generator_v20241230_012629.py,src
./versions/sequence_generators/sequence_generator_v20241230_012743.py,./src/sequence_generator_v20241230_012743.py,src
./versions/sequence_generators/sequence_generator_v20241230_013021.py,./src/sequence_generator_v20241230_013021.py,src
./versions/sequence_generators/sequence_generator_v20241230_013142.py,./src/sequence_generator_v20241230_013142.py,src
./versions/sequence_generators/sequence_generator_v20241230_013539.py,./src/sequence_generator_v20241230_013539.py,src
./versions/sequence_generators/sequence_generator_v20241230_013629.py,./src/sequence_generator_v20241230_013629.py,src
./versions/sequence_generators/sequence_generator_v20241230_013723.py,./src/sequence_generator_v20241230_013723.py,src
./versions/sequence_generators/sequence_generator_v20241230_013832.py,./src/sequence_generator_v20241230_013832.py,src
./versions/sequence_generators/sequence_generator_v20241230_013942.py,./src/sequence_generator_v20241230_013942.py,src
./versions/sequence_generators/sequence_generator_v20241230_014527.py,./src/sequence_generator_v20241230_014527.py,src
./versions/sequence_generators/sequence_generator_v20241230_014612.py,./src/sequence_generator_v20241230_014612.py,src
./versions/sequence_generators/sequence_generator_v20241230_014645.py,./src/sequence_generator_v20241230_014645.py,src
./versions/sequence_generators/sequence_generator_v20241230_015038.py,./src/sequence_generator_v20241230_015038.py,src
./versions/sequence_generators/sequence_generator_v20241230_015248.py,./src/sequence_generator_v20241230_015248.py,src
./versions/sequence_generators/sequence_generator_v20241230_015623.py,./src/sequence_generator_v20241230_015623.py,src
./versions/sequence_generators/sequence_generator_v20241230_015652.py,./src/sequence_generator_v20241230_015652.py,src
./versions/sequence_generators/sequence_generator_v20241230_015718.py,./src/sequence_generator_v20241230_015718.py,src
./versions/sequence_generators/sequence_generator_v20241230_015745.py,./src/sequence_generator_v20241230_015745.py,src
./versions/sequence_generators/sequence_generator_v20241230_015813.py,./src/sequence_generator_v20241230_015813.py,src
./versions/sequence_generators/sequence_generator_v20241230_015859.py,./src/sequence_generator_v20241230_015859.py,src
./versions/sequence_generators/sequence_generator_v20241230_015940.py,./src/sequence_generator_v20241230_015940.py,src
./versions/sequence_generators/sequence_generator_v20241230_020010.py,./src/sequence_generator_v20241230_020010.py,src
./versions/sequence_generators/sequence_generator_v20241230_020041.py,./src/sequence_generator_v20241230_020041.py,src
./versions/sequence_generators/sequence_generator_v20241230_020120.py,./src/sequence_generator_v20241230_020120.py,src
./versions/sequence_generators/sequence_generator_v20241230_020201.py,./src/sequence_generator_v20241230_020201.py,src
./versions/sequence_generators/sequence_generator_v20241230_020254.py,./src/sequence_generator_v20241230_020254.py,src
./versions/sequence_generators/sequence_generator_v20241230_020333.py,./src/sequence_generator_v20241230_020333.py,src
./versions/sequence_generators/sequence_generator_v20241230_020425.py,./src/sequence_generator_v20241230_020425.py,src
./versions/sequence_generators/sequence_generator_v20241230_020542.py,./src/sequence_generator_v20241230_020542.py,src
./versions/sequence_generators/sequence_generator_v20241230_020625.py,./src/sequence_generator_v20241230_020625.py,src
./versions/sequence_generators/sequence_generator_v20241230_020712.py,./src/sequence_generator_v20241230_020712.py,src
./versions/sequence_generators/sequence_generator_v20241230_020753.py,./src/sequence_generator_v20241230_020753.py,src
./versions/sequence_generators/sequence_generator_v20241230_020824.py,./src/sequence_generator_v20241230_020824.py,src
./versions/sequence_generators/sequence_generator_v20241230_020911.py,./src/sequence_generator_v20241230_020911.py,src
./versions/sequence_generators/sequence_generator_v20241230_020959.py,./src/sequence_generator_v20241230_020959.py,src
./versions/sequence_generators/sequence_generator_v20241230_021047.py,./src/sequence_generator_v20241230_021047.py,src
./versions/sequence_generators/sequence_generator_v20241230_021136.py,./src/sequence_generator_v20241230_021136.py,src
./versions/sequence_generators/sequence_generator_v20241230_021219.py,./src/sequence_generator_v20241230_021219.py,src
./versions/sequence_generators/sequence_generator_v20241230_021355.py,./src/sequence_generator_v20241230_021355.py,src
./versions/sequence_generators/sequence_generator_v20241230_021531.py,./src/sequence_generator_v20241230_021531.py,src
./versions/sequence_generators/sequence_generator_v20241230_021600.py,./src/sequence_generator_v20241230_021600.py,src
./versions/sequence_generators/sequence_generator_v20241230_021732.py,./src/sequence_generator_v20241230_021732.py,src
./versions/sequence_generators/sequence_generator_v20241230_021817.py,./src/sequence_generator_v20241230_021817.py,src
./versions/sequence_generators/sequence_generator_v20241230_021935.py,./src/sequence_generator_v20241230_021935.py,src
./versions/sequence_generators/sequence_generator_v20241230_022052.py,./src/sequence_generator_v20241230_022052.py,src
./versions/sequence_generators/sequence_generator_v20241230_022128.py,./src/sequence_generator_v20241230_022128.py,src
./versions/sequence_generators/sequence_generator_v20241230_022213.py,./src/sequence_generator_v20241230_022213.py,src
./versions/sequence_generators/sequence_generator_v20241230_022339.py,./src/sequence_generator_v20241230_022339.py,src
./versions/sequence_generators/sequence_generator_v20241230_022422.py,./src/sequence_generator_v20241230_022422.py,src
./versions/sequence_generators/sequence_generator_v20241230_022504.py,./src/sequence_generator_v20241230_022504.py,src
./versions/sequence_generators/sequence_generator_v20241230_023623.py,./src/sequence_generator_v20241230_023623.py,src
./versions/sequence_generators/sequence_generator_v20241230_023709.py,./src/sequence_generator_v20241230_023709.py,src
./versions/sequence_generators/sequence_generator_v20241230_023755.py,./src/sequence_generator_v20241230_023755.py,src
./versions/sequence_generators/sequence_generator_v20241230_023842.py,./src/sequence_generator_v20241230_023842.py,src
./versions/sequence_generators/sequence_generator_v20241230_023930.py,./src/sequence_generator_v20241230_023930.py,src
./versions/sequence_generators/sequence_generator_v20241230_031805.py,./src/sequence_generator_v20241230_031805.py,src
./versions/sequence_generators/sequence_generator_v20241230_031848.py,./src/sequence_generator_v20241230_031848.py,src
./versions/sequence_generators/sequence_generator_v20241230_031933.py,./src/sequence_generator_v20241230_031933.py,src
./versions/sequence_generators/sequence_generator_v20241230_032028.py,./src/sequence_generator_v20241230_032028.py,src
./versions/sequence_generators/sequence_generator_v20241230_032111.py,./src/sequence_generator_v20241230_032111.py,src
./versions/sequence_generators/sequence_generator_v20241230_032141.py,./src/sequence_generator_v20241230_032141.py,src
./versions/sequence_generators/sequence_generator_v20241230_032217.py,./src/sequence_generator_v20241230_032217.py,src
./versions/sequence_generators/sequence_generator_v20241230_033011.py,./src/sequence_generator_v20241230_033011.py,src
./versions/sequence_generators/sequence_generator_v20241230_033116.py,./src/sequence_generator_v20241230_033116.py,src
./versions/sequence_generators/sequence_generator_v20241230_033202.py,./src/sequence_generator_v20241230_033202.py,src
./versions/sequence_generators/sequence_generator_v20241230_033247.py,./src/sequence_generator_v20241230_033247.py,src
./versions/sequence_generators/sequence_generator_v20241230_033330.py,./src/sequence_generator_v20241230_033330.py,src
./versions/sequence_generators/sequence_generator_v20241230_100514.py,./src/sequence_generator_v20241230_100514.py,src
./versions/sequence_generators/sequence_generator_v20241230_100936.py,./src/sequence_generator_v20241230_100936.py,src
./versions/sequence_generators/sequence_generator_v20241230_101014.py,./src/sequence_generator_v20241230_101014.py,src
./versions/sequence_generators/sequence_generator_v20241230_101048.py,./src/sequence_generator_v20241230_101048.py,src
./versions/sequence_generators/sequence_generator_v20241230_101123.py,./src/sequence_generator_v20241230_101123.py,src
./versions/sequence_generators/sequence_generator_v20241230_101200.py,./src/sequence_generator_v20241230_101200.py,src
./versions/sequence_generators/sequence_generator_v20241230_101236.py,./src/sequence_generator_v20241230_101236.py,src
./versions/sequence_generators/sequence_generator_v20241230_101320.py,./src/sequence_generator_v20241230_101320.py,src
./versions/sequence_generators/sequence_generator_v20241230_101351.py,./src/sequence_generator_v20241230_101351.py,src
./versions/sequence_generators/sequence_generator_v20241230_101427.py,./src/sequence_generator_v20241230_101427.py,src
./versions/sequence_generators/sequence_generator_v20241230_101503.py,./src/sequence_generator_v20241230_101503.py,src
./versions/sequence_generators/sequence_generator_v20241230_101619.py,./src/sequence_generator_v20241230_101619.py,src
./versions/sequence_generators/sequence_generator_v20241230_101703.py,./src/sequence_generator_v20241230_101703.py,src
./versions/sequence_generators/sequence_generator_v20241230_102001.py,./src/sequence_generator_v20241230_102001.py,src
./versions/sequence_generators/sequence_generator_v20241230_102035.py,./src/sequence_generator_v20241230_102035.py,src
./versions/sequence_generators/sequence_generator_v20241230_102148.py,./src/sequence_generator_v20241230_102148.py,src
./versions/sequence_generators/sequence_generator_v20241230_102408.py,./src/sequence_generator_v20241230_102408.py,src
./versions/sequence_generators/sequence_generator_v20241230_102451.py,./src/sequence_generator_v20241230_102451.py,src
./versions/sequence_generators/sequence_generator_v20241230_102511.py,./src/sequence_generator_v20241230_102511.py,src
./versions/sequence_generators/sequence_generator_v20241230_102556.py,./src/sequence_generator_v20241230_102556.py,src
./versions/sequence_generators/sequence_generator_v20241230_102619.py,./src/sequence_generator_v20241230_102619.py,src
./versions/sequence_generators/sequence_generator_v20241230_103955.py,./src/sequence_generator_v20241230_103955.py,src
./versions/sequence_generators/sequence_generator_v20241230_104017.py,./src/sequence_generator_v20241230_104017.py,src
./versions/sequence_generators/sequence_generator_v20241230_104056.py,./src/sequence_generator_v20241230_104056.py,src
./versions/sequence_generators/sequence_generator_v20241230_104122.py,./src/sequence_generator_v20241230_104122.py,src
./versions/sequence_generators/sequence_generator_v20241230_104152.py,./src/sequence_generator_v20241230_104152.py,src
./versions/sequence_generators/sequence_generator_v20241230_104224.py,./src/sequence_generator_v20241230_104224.py,src
./versions/sequence_generators/sequence_generator_v20241230_104304.py,./src/sequence_generator_v20241230_104304.py,src
./versions/sequence_generators/sequence_generator_v20241230_104339.py,./src/sequence_generator_v20241230_104339.py,src
./versions/sequence_generators/sequence_generator_v20241230_104414.py,./src/sequence_generator_v20241230_104414.py,src
./versions/sequence_generators/sequence_generator_v20241230_104450.py,./src/sequence_generator_v20241230_104450.py,src
./versions/sequence_generators/sequence_generator_v20241230_104530.py,./src/sequence_generator_v20241230_104530.py,src
./versions/sequence_generators/sequence_generator_v20241230_104612.py,./src/sequence_generator_v20241230_104612.py,src
./versions/sequence_generators/sequence_generator_v20241230_104658.py,./src/sequence_generator_v20241230_104658.py,src
./versions/sequence_generators/sequence_generator_v20241230_104745.py,./src/sequence_generator_v20241230_104745.py,src
./versions/sequence_generators/sequence_generator_v20241230_104833.py,./src/sequence_generator_v20241230_104833.py,src
./versions/sequence_generators/sequence_generator_v20241230_104954.py,./src/sequence_generator_v20241230_104954.py,src
./versions/sequence_generators/sequence_generator_v20241230_105018.py,./src/sequence_generator_v20241230_105018.py,src
./versions/sequence_generators/sequence_generator_v20241230_105057.py,./src/sequence_generator_v20241230_105057.py,src
./versions/sequence_generators/sequence_generator_v20241230_105121.py,./src/sequence_generator_v20241230_105121.py,src
./versions/sequence_generators/sequence_generator_v20241230_105403.py,./src/sequence_generator_v20241230_105403.py,src
./versions/sequence_generators/sequence_generator_v20241230_105424.py,./src/sequence_generator_v20241230_105424.py,src
./versions/sequence_generators/sequence_generator_v20241230_105500.py,./src/sequence_generator_v20241230_105500.py,src
./versions/sequence_generators/sequence_generator_v20241230_105527.py,./src/sequence_generator_v20241230_105527.py,src
./versions/sequence_generators/sequence_generator_v20241230_105559.py,./src/sequence_generator_v20241230_105559.py,src
./versions/sequence_generators/sequence_generator_v20241230_105629.py,./src/sequence_generator_v20241230_105629.py,src
./versions/sequence_generators/sequence_generator_v20241230_105700.py,./src/sequence_generator_v20241230_105700.py,src
./versions/sequence_generators/sequence_generator_v20241230_105737.py,./src/sequence_generator_v20241230_105737.py,src
./versions/sequence_generators/sequence_generator_v20241230_142933.py,./src/sequence_generator_v20241230_142933.py,src
./versions/sequence_generators/sequence_generator_v20241230_143037.py,./src/sequence_generator_v20241230_143037.py,src
./versions/sequence_generators/sequence_generator_v20241230_143113.py,./src/sequence_generator_v20241230_143113.py,src
./versions/sequence_generators/sequence_generator_v20241230_143148.py,./src/sequence_generator_v20241230_143148.py,src
./versions/sequence_generators/sequence_generator_v20241230_143239.py,./src/sequence_generator_v20241230_143239.py,src
./versions/sequence_generators/sequence_generator_v20241230_143327.py,./src/sequence_generator_v20241230_143327.py,src
./versions/sequence_generators/sequence_generator_v20241230_143410.py,./src/sequence_generator_v20241230_143410.py,src
./versions/sequence_generators/sequence_generator_v20241230_143459.py,./src/sequence_generator_v20241230_143459.py,src
./versions/sequence_generators/sequence_generator_v20241230_143544.py,./src/sequence_generator_v20241230_143544.py,src
./versions/sequence_generators/sequence_generator_v20241230_143627.py,./src/sequence_generator_v20241230_143627.py,src
./versions/sequence_generators/sequence_generator_v20241230_144431.py,./src/sequence_generator_v20241230_144431.py,src
./versions/sequence_generators/sequence_generator_v20241230_144503.py,./src/sequence_generator_v20241230_144503.py,src
./versions/sequence_generators/sequence_generator_v20241230_144546.py,./src/sequence_generator_v20241230_144546.py,src
./versions/sequence_generators/sequence_generator_v20241230_144613.py,./src/sequence_generator_v20241230_144613.py,src
./versions/sequence_generators/sequence_generator_v20241230_144655.py,./src/sequence_generator_v20241230_144655.py,src
./versions/sequence_generators/sequence_generator_v20241230_144733.py,./src/sequence_generator_v20241230_144733.py,src
./versions/sequence_generators/sequence_generator_v20241230_144803.py,./src/sequence_generator_v20241230_144803.py,src
./versions/sequence_generators/sequence_generator_v20241230_144828.py,./src/sequence_generator_v20241230_144828.py,src
./versions/sequence_generators/sequence_generator_v20241230_144851.py,./src/sequence_generator_v20241230_144851.py,src
./versions/sequence_generators/sequence_generator_v20241230_144914.py,./src/sequence_generator_v20241230_144914.py,src
./versions/sequence_generators/sequence_generator_v20241230_144941.py,./src/sequence_generator_v20241230_144941.py,src
./versions/sequence_generators/sequence_generator_v20241230_145008.py,./src/sequence_generator_v20241230_145008.py,src
./versions/sequence_generators/sequence_generator_v20241230_145035.py,./src/sequence_generator_v20241230_145035.py,src
./versions/sequence_generators/sequence_generator_v20241230_145104.py,./src/sequence_generator_v20241230_145104.py,src
./versions/sequence_generators/sequence_generator_v20241230_145350.py,./src/sequence_generator_v20241230_145350.py,src
./versions/sequence_generators/sequence_generator_v20241230_145417.py,./src/sequence_generator_v20241230_145417.py,src
./versions/sequence_generators/sequence_generator_v20241230_145505.py,./src/sequence_generator_v20241230_145505.py,src
./versions/sequence_generators/sequence_generator_v20241230_145544.py,./src/sequence_generator_v20241230_145544.py,src
./versions/sequence_generators/sequence_generator_v20241230_145616.py,./src/sequence_generator_v20241230_145616.py,src
./versions/sequence_generators/sequence_generator_v20241230_145656.py,./src/sequence_generator_v20241230_145656.py,src
./versions/sequence_generators/sequence_generator_v20241230_145812.py,./src/sequence_generator_v20241230_145812.py,src
./versions/sequence_generators/sequence_generator_v20241230_145841.py,./src/sequence_generator_v20241230_145841.py,src
./versions/sequence_generators/sequence_generator_v20241230_145914.py,./src/sequence_generator_v20241230_145914.py,src
./versions/sequence_generators/sequence_generator_v20241230_145940.py,./src/sequence_generator_v20241230_145940.py,src
./versions/sequence_generators/sequence_generator_v20241230_150007.py,./src/sequence_generator_v20241230_150007.py,src
./versions/sequence_generators/sequence_generator_v20241230_150041.py,./src/sequence_generator_v20241230_150041.py,src
./versions/sequence_generators/sequence_generator_v20241230_150115.py,./src/sequence_generator_v20241230_150115.py,src
./versions/sequence_generators/sequence_generator_v20241230_150141.py,./src/sequence_generator_v20241230_150141.py,src
./versions/sequence_generators/sequence_generator_v20241230_150215.py,./src/sequence_generator_v20241230_150215.py,src
./versions/sequence_generators/sequence_generator_v20241230_150251.py,./src/sequence_generator_v20241230_150251.py,src
./versions/sequence_generators/sequence_generator_v20241230_150330.py,./src/sequence_generator_v20241230_150330.py,src
./versions/sequence_generators/sequence_generator_v20241230_150450.py,./src/sequence_generator_v20241230_150450.py,src
./versions/sequence_generators/sequence_generator_v20241230_150530.py,./src/sequence_generator_v20241230_150530.py,src
./versions/sequence_generators/sequence_generator_v20241230_150614.py,./src/sequence_generator_v20241230_150614.py,src
./versions/sequence_generators/sequence_generator_v20241230_150657.py,./src/sequence_generator_v20241230_150657.py,src
./versions/sequence_generators/sequence_generator_v20241230_151111.py,./src/sequence_generator_v20241230_151111.py,src
./versions/sequence_generators/sequence_generator_v20241230_151329.py,./src/sequence_generator_v20241230_151329.py,src
./versions/sequence_generators/sequence_generator_v20241230_151427.py,./src/sequence_generator_v20241230_151427.py,src
./versions/sequence_generators/sequence_generator_v20241230_151458.py,./src/sequence_generator_v20241230_151458.py,src
./versions/sequence_generators/sequence_generator_v20241230_151616.py,./src/sequence_generator_v20241230_151616.py,src
./versions/sequence_generators/sequence_generator_v20241230_151747.py,./src/sequence_generator_v20241230_151747.py,src
./versions/sequence_generators/sequence_generator_v20241230_151829.py,./src/sequence_generator_v20241230_151829.py,src
./versions/sequence_generators/sequence_generator_v20241230_152115.py,./src/sequence_generator_v20241230_152115.py,src
./versions/sequence_generators/sequence_generator_v20241230_152145.py,./src/sequence_generator_v20241230_152145.py,src
./versions/sequence_generators/sequence_generator_v20241230_152218.py,./src/sequence_generator_v20241230_152218.py,src
./versions/sequence_generators/sequence_generator_v20241230_152248.py,./src/sequence_generator_v20241230_152248.py,src
./versions/sequence_generators/sequence_generator_v20241230_152319.py,./src/sequence_generator_v20241230_152319.py,src
./versions/sequence_generators/sequence_generator_v20241230_152351.py,./src/sequence_generator_v20241230_152351.py,src
./versions/sequence_generators/sequence_generator_v20241230_152426.py,./src/sequence_generator_v20241230_152426.py,src
./versions/sequence_generators/sequence_generator_v20241230_152519.py,./src/sequence_generator_v20241230_152519.py,src
./versions/sequence_generators/sequence_generator_v20241230_152554.py,./src/sequence_generator_v20241230_152554.py,src
./versions/sequence_generators/sequence_generator_v20241230_152751.py,./src/sequence_generator_v20241230_152751.py,src
./versions/sequence_generators/sequence_generator_v20241230_152818.py,./src/sequence_generator_v20241230_152818.py,src
./versions/sequence_generators/sequence_generator_v20241230_152840.py,./src/sequence_generator_v20241230_152840.py,src
./versions/sequence_generators/sequence_generator_v20241230_152917.py,./src/sequence_generator_v20241230_152917.py,src
./versions/sequence_generators/sequence_generator_v20241230_152947.py,./src/sequence_generator_v20241230_152947.py,src
./versions/sequence_generators/sequence_generator_v20241230_153217.py,./src/sequence_generator_v20241230_153217.py,src
./versions/sequence_generators/sequence_generator_v20241230_153433.py,./src/sequence_generator_v20241230_153433.py,src
./versions/sequence_generators/sequence_generator_v20241230_153627.py,./src/sequence_generator_v20241230_153627.py,src
./versions/sequence_generators/sequence_generator_v20241230_153658.py,./src/sequence_generator_v20241230_153658.py,src
./versions/sequence_generators/sequence_generator_v20241230_153734.py,./src/sequence_generator_v20241230_153734.py,src
./versions/sequence_generators/sequence_generator_v20241230_153801.py,./src/sequence_generator_v20241230_153801.py,src
./versions/sequence_generators/sequence_generator_v20241230_153823.py,./src/sequence_generator_v20241230_153823.py,src
./versions/sequence_generators/sequence_generator_v20241230_153850.py,./src/sequence_generator_v20241230_153850.py,src
./versions/sequence_generators/sequence_generator_v20241230_153914.py,./src/sequence_generator_v20241230_153914.py,src
./versions/sequence_generators/sequence_generator_v20241230_153933.py,./src/sequence_generator_v20241230_153933.py,src
./versions/sequence_generators/sequence_generator_v20241230_154001.py,./src/sequence_generator_v20241230_154001.py,src
./versions/sequence_generators/sequence_generator_v20241230_154028.py,./src/sequence_generator_v20241230_154028.py,src
./versions/sequence_generators/sequence_generator_v20241230_154057.py,./src/sequence_generator_v20241230_154057.py,src
./versions/sequence_generators/sequence_generator_v20241230_154125.py,./src/sequence_generator_v20241230_154125.py,src
./versions/sequence_generators/sequence_generator_v20241230_210618.py,./src/sequence_generator_v20241230_210618.py,src
./versions/sequence_generators/sequence_generator_v20241230_210647.py,./src/sequence_generator_v20241230_210647.py,src
./versions/sequence_generators/sequence_generator_v20241230_210710.py,./src/sequence_generator_v20241230_210710.py,src
./versions/sequence_generators/sequence_generator_v20241230_210756.py,./src/sequence_generator_v20241230_210756.py,src
./versions/sequence_generators/sequence_generator_v20241230_214502.py,./src/sequence_generator_v20241230_214502.py,src
./versions/sequence_generators/sequence_generator_v20241230_214633.py,./src/sequence_generator_v20241230_214633.py,src
./versions/sequence_generators/sequence_generator_v20241230_214708.py,./src/sequence_generator_v20241230_214708.py,src
./versions/sequence_generators/sequence_generator_v20241230_214743.py,./src/sequence_generator_v20241230_214743.py,src
./versions/sequence_generators/sequence_generator_v20241230_214819.py,./src/sequence_generator_v20241230_214819.py,src
./versions/sequence_generators/sequence_generator_v20241230_214856.py,./src/sequence_generator_v20241230_214856.py,src
./versions/sequence_generators/sequence_generator_v20241230_214934.py,./src/sequence_generator_v20241230_214934.py,src
./versions/sequence_generators/sequence_generator_v20241230_215337.py,./src/sequence_generator_v20241230_215337.py,src
./versions/sequence_generators/sequence_generator_v20241230_215418.py,./src/sequence_generator_v20241230_215418.py,src
./versions/sequence_generators/sequence_generator_v20241230_215502.py,./src/sequence_generator_v20241230_215502.py,src
./versions/sequence_generators/sequence_generator_v20241230_215545.py,./src/sequence_generator_v20241230_215545.py,src
./versions/sequence_generators/sequence_generator_v20241230_215653.py,./src/sequence_generator_v20241230_215653.py,src
./versions/sequence_generators/sequence_generator_v20241230_215747.py,./src/sequence_generator_v20241230_215747.py,src
./versions/sequence_generators/sequence_generator_v20241230_215839.py,./src/sequence_generator_v20241230_215839.py,src
./versions/sequence_generators/sequence_generator_v20241230_215927.py,./src/sequence_generator_v20241230_215927.py,src
./versions/sequence_generators/sequence_generator_v20241230_220019.py,./src/sequence_generator_v20241230_220019.py,src
./versions/sequence_generators/sequence_generator_v20241230_220141.py,./src/sequence_generator_v20241230_220141.py,src
./versions/sequence_generators/sequence_generator_v20241230_220231.py,./src/sequence_generator_v20241230_220231.py,src
./versions/sequence_generators/sequence_generator_v20241230_220315.py,./src/sequence_generator_v20241230_220315.py,src
./versions/sequence_generators/sequence_generator_v20241230_220406.py,./src/sequence_generator_v20241230_220406.py,src
./versions/sequence_generators/sequence_generator_v20241230_220453.py,./src/sequence_generator_v20241230_220453.py,src
./versions/sequence_generators/sequence_generator_v20241230_220541.py,./src/sequence_generator_v20241230_220541.py,src
./versions/sequence_generators/sequence_generator_v20241230_220635.py,./src/sequence_generator_v20241230_220635.py,src
./versions/sequence_generators/sequence_generator_v20241230_220727.py,./src/sequence_generator_v20241230_220727.py,src
./versions/sequence_generators/sequence_generator_v20241230_220816.py,./src/sequence_generator_v20241230_220816.py,src
./versions/sequence_generators/sequence_generator_v20241231_041429.py,./src/sequence_generator_v20241231_041429.py,src
./versions/sequence_generators/sequence_generator_v20250101_122546.py,./src/sequence_generator_v20250101_122546.py,src
./versions/sequences/sequence_20241230_012629.txt,./data/raw/sequence_20241230_012629_20250528.txt,data/raw
./versions/sequences/sequence_20241230_012743.txt,./data/raw/sequence_20241230_012743_20250528.txt,data/raw
./versions/sequences/sequence_20241230_013021.txt,./data/raw/sequence_20241230_013021_20250528.txt,data/raw
./versions/sequences/sequence_20241230_013142.txt,./data/raw/sequence_20241230_013142_20250528.txt,data/raw
./versions/sequences/sequence_20241230_013539.txt,./data/raw/sequence_20241230_013539_20250528.txt,data/raw
./versions/sequences/sequence_20241230_013629.txt,./data/raw/sequence_20241230_013629_20250528.txt,data/raw
./versions/sequences/sequence_20241230_013723.txt,./data/raw/sequence_20241230_013723_20250528.txt,data/raw
./versions/sequences/sequence_20241230_013832.txt,./data/raw/sequence_20241230_013832_20250528.txt,data/raw
./versions/sequences/sequence_20241230_013942.txt,./data/raw/sequence_20241230_013942_20250528.txt,data/raw
./versions/sequences/sequence_20241230_014527.txt,./data/raw/sequence_20241230_014527_20250528.txt,data/raw
./versions/sequences/sequence_20241230_014612.txt,./data/raw/sequence_20241230_014612_20250528.txt,data/raw
./versions/sequences/sequence_20241230_014645.txt,./data/raw/sequence_20241230_014645_20250528.txt,data/raw
./versions/sequences/sequence_20241230_015038.txt,./data/raw/sequence_20241230_015038_20250528.txt,data/raw
./versions/sequences/sequence_20241230_015248.txt,./data/raw/sequence_20241230_015248_20250528.txt,data/raw
./versions/sequences/sequence_20241230_015623.txt,./data/raw/sequence_20241230_015623_20250528.txt,data/raw
./versions/sequences/sequence_20241230_015652.txt,./data/raw/sequence_20241230_015652_20250528.txt,data/raw
./versions/sequences/sequence_20241230_015718.txt,./data/raw/sequence_20241230_015718_20250528.txt,data/raw
./versions/sequences/sequence_20241230_015745.txt,./data/raw/sequence_20241230_015745_20250528.txt,data/raw
./versions/sequences/sequence_20241230_015813.txt,./data/raw/sequence_20241230_015813_20250528.txt,data/raw
./versions/sequences/sequence_20241230_015859.txt,./data/raw/sequence_20241230_015859_20250528.txt,data/raw
./versions/sequences/sequence_20241230_015940.txt,./data/raw/sequence_20241230_015940_20250528.txt,data/raw
./versions/sequences/sequence_20241230_020010.txt,./data/raw/sequence_20241230_020010_20250528.txt,data/raw
./versions/sequences/sequence_20241230_020041.txt,./data/raw/sequence_20241230_020041_20250528.txt,data/raw
./versions/sequences/sequence_20241230_020120.txt,./data/raw/sequence_20241230_020120_20250528.txt,data/raw
./versions/sequences/sequence_20241230_020201.txt,./data/raw/sequence_20241230_020201_20250528.txt,data/raw
./versions/sequences/sequence_20241230_020254.txt,./data/raw/sequence_20241230_020254_20250528.txt,data/raw
./versions/sequences/sequence_20241230_020333.txt,./data/raw/sequence_20241230_020333_20250528.txt,data/raw
./versions/sequences/sequence_20241230_020425.txt,./data/raw/sequence_20241230_020425_20250528.txt,data/raw
./versions/sequences/sequence_20241230_020542.txt,./data/raw/sequence_20241230_020542_20250528.txt,data/raw
./versions/sequences/sequence_20241230_020625.txt,./data/raw/sequence_20241230_020625_20250528.txt,data/raw
./versions/sequences/sequence_20241230_020712.txt,./data/raw/sequence_20241230_020712_20250528.txt,data/raw
./versions/sequences/sequence_20241230_020753.txt,./data/raw/sequence_20241230_020753_20250528.txt,data/raw
./versions/sequences/sequence_20241230_020824.txt,./data/raw/sequence_20241230_020824_20250528.txt,data/raw
./versions/sequences/sequence_20241230_020911.txt,./data/raw/sequence_20241230_020911_20250528.txt,data/raw
./versions/sequences/sequence_20241230_020959.txt,./data/raw/sequence_20241230_020959_20250528.txt,data/raw
./versions/sequences/sequence_20241230_021047.txt,./data/raw/sequence_20241230_021047_20250528.txt,data/raw
./versions/sequences/sequence_20241230_021136.txt,./data/raw/sequence_20241230_021136_20250528.txt,data/raw
./versions/sequences/sequence_20241230_021219.txt,./data/raw/sequence_20241230_021219_20250528.txt,data/raw
./versions/sequences/sequence_20241230_021355.txt,./data/raw/sequence_20241230_021355_20250528.txt,data/raw
./versions/sequences/sequence_20241230_021531.txt,./data/raw/sequence_20241230_021531_20250528.txt,data/raw
./versions/sequences/sequence_20241230_021600.txt,./data/raw/sequence_20241230_021600_20250528.txt,data/raw
./versions/sequences/sequence_20241230_021732.txt,./data/raw/sequence_20241230_021732_20250528.txt,data/raw
./versions/sequences/sequence_20241230_021817.txt,./data/raw/sequence_20241230_021817_20250528.txt,data/raw
./versions/sequences/sequence_20241230_021935.txt,./data/raw/sequence_20241230_021935_20250528.txt,data/raw
./versions/sequences/sequence_20241230_022052.txt,./data/raw/sequence_20241230_022052_20250528.txt,data/raw
./versions/sequences/sequence_20241230_022128.txt,./data/raw/sequence_20241230_022128_20250528.txt,data/raw
./versions/sequences/sequence_20241230_022213.txt,./data/raw/sequence_20241230_022213_20250528.txt,data/raw
./versions/sequences/sequence_20241230_022339.txt,./data/raw/sequence_20241230_022339_20250528.txt,data/raw
./versions/sequences/sequence_20241230_022422.txt,./data/raw/sequence_20241230_022422_20250528.txt,data/raw
./versions/sequences/sequence_20241230_022504.txt,./data/raw/sequence_20241230_022504_20250528.txt,data/raw
./versions/sequences/sequence_20241230_023623.txt,./data/raw/sequence_20241230_023623_20250528.txt,data/raw
./versions/sequences/sequence_20241230_023709.txt,./data/raw/sequence_20241230_023709_20250528.txt,data/raw
./versions/sequences/sequence_20241230_023755.txt,./data/raw/sequence_20241230_023755_20250528.txt,data/raw
./versions/sequences/sequence_20241230_023842.txt,./data/raw/sequence_20241230_023842_20250528.txt,data/raw
./versions/sequences/sequence_20241230_023930.txt,./data/raw/sequence_20241230_023930_20250528.txt,data/raw
./versions/sequences/sequence_20241230_031805.txt,./data/raw/sequence_20241230_031805_20250528.txt,data/raw
./versions/sequences/sequence_20241230_031848.txt,./data/raw/sequence_20241230_031848_20250528.txt,data/raw
./versions/sequences/sequence_20241230_031933.txt,./data/raw/sequence_20241230_031933_20250528.txt,data/raw
./versions/sequences/sequence_20241230_032028.txt,./data/raw/sequence_20241230_032028_20250528.txt,data/raw
./versions/sequences/sequence_20241230_032111.txt,./data/raw/sequence_20241230_032111_20250528.txt,data/raw
./versions/sequences/sequence_20241230_032141.txt,./data/raw/sequence_20241230_032141_20250528.txt,data/raw
./versions/sequences/sequence_20241230_032217.txt,./data/raw/sequence_20241230_032217_20250528.txt,data/raw
./versions/sequences/sequence_20241230_033011.txt,./data/raw/sequence_20241230_033011_20250528.txt,data/raw
./versions/sequences/sequence_20241230_033116.txt,./data/raw/sequence_20241230_033116_20250528.txt,data/raw
./versions/sequences/sequence_20241230_033202.txt,./data/raw/sequence_20241230_033202_20250528.txt,data/raw
./versions/sequences/sequence_20241230_033247.txt,./data/raw/sequence_20241230_033247_20250528.txt,data/raw
./versions/sequences/sequence_20241230_033330.txt,./data/raw/sequence_20241230_033330_20250528.txt,data/raw
./versions/sequences/sequence_20241230_100514.txt,./data/raw/sequence_20241230_100514_20250528.txt,data/raw
./versions/sequences/sequence_20241230_100936.txt,./data/raw/sequence_20241230_100936_20250528.txt,data/raw
./versions/sequences/sequence_20241230_101014.txt,./data/raw/sequence_20241230_101014_20250528.txt,data/raw
./versions/sequences/sequence_20241230_101048.txt,./data/raw/sequence_20241230_101048_20250528.txt,data/raw
./versions/sequences/sequence_20241230_101123.txt,./data/raw/sequence_20241230_101123_20250528.txt,data/raw
./versions/sequences/sequence_20241230_101200.txt,./data/raw/sequence_20241230_101200_20250528.txt,data/raw
./versions/sequences/sequence_20241230_101236.txt,./data/raw/sequence_20241230_101236_20250528.txt,data/raw
./versions/sequences/sequence_20241230_101320.txt,./data/raw/sequence_20241230_101320_20250528.txt,data/raw
./versions/sequences/sequence_20241230_101351.txt,./data/raw/sequence_20241230_101351_20250528.txt,data/raw
./versions/sequences/sequence_20241230_101427.txt,./data/raw/sequence_20241230_101427_20250528.txt,data/raw
./versions/sequences/sequence_20241230_101503.txt,./data/raw/sequence_20241230_101503_20250528.txt,data/raw
./versions/sequences/sequence_20241230_101619.txt,./data/raw/sequence_20241230_101619_20250528.txt,data/raw
./versions/sequences/sequence_20241230_101703.txt,./data/raw/sequence_20241230_101703_20250528.txt,data/raw
./versions/sequences/sequence_20241230_102001.txt,./data/raw/sequence_20241230_102001_20250528.txt,data/raw
./versions/sequences/sequence_20241230_102035.txt,./data/raw/sequence_20241230_102035_20250528.txt,data/raw
./versions/sequences/sequence_20241230_102148.txt,./data/raw/sequence_20241230_102148_20250528.txt,data/raw
./versions/sequences/sequence_20241230_102408.txt,./data/raw/sequence_20241230_102408_20250528.txt,data/raw
./versions/sequences/sequence_20241230_102451.txt,./data/raw/sequence_20241230_102451_20250528.txt,data/raw
./versions/sequences/sequence_20241230_102511.txt,./data/raw/sequence_20241230_102511_20250528.txt,data/raw
./versions/sequences/sequence_20241230_102556.txt,./data/raw/sequence_20241230_102556_20250528.txt,data/raw
./versions/sequences/sequence_20241230_102619.txt,./data/raw/sequence_20241230_102619_20250528.txt,data/raw
./versions/sequences/sequence_20241230_103955.txt,./data/raw/sequence_20241230_103955_20250528.txt,data/raw
./versions/sequences/sequence_20241230_104017.txt,./data/raw/sequence_20241230_104017_20250528.txt,data/raw
./versions/sequences/sequence_20241230_104056.txt,./data/raw/sequence_20241230_104056_20250528.txt,data/raw
./versions/sequences/sequence_20241230_104122.txt,./data/raw/sequence_20241230_104122_20250528.txt,data/raw
./versions/sequences/sequence_20241230_104152.txt,./data/raw/sequence_20241230_104152_20250528.txt,data/raw
./versions/sequences/sequence_20241230_104224.txt,./data/raw/sequence_20241230_104224_20250528.txt,data/raw
./versions/sequences/sequence_20241230_104304.txt,./data/raw/sequence_20241230_104304_20250528.txt,data/raw
./versions/sequences/sequence_20241230_104339.txt,./data/raw/sequence_20241230_104339_20250528.txt,data/raw
./versions/sequences/sequence_20241230_104414.txt,./data/raw/sequence_20241230_104414_20250528.txt,data/raw
./versions/sequences/sequence_20241230_104450.txt,./data/raw/sequence_20241230_104450_20250528.txt,data/raw
./versions/sequences/sequence_20241230_104530.txt,./data/raw/sequence_20241230_104530_20250528.txt,data/raw
./versions/sequences/sequence_20241230_104612.txt,./data/raw/sequence_20241230_104612_20250528.txt,data/raw
./versions/sequences/sequence_20241230_104658.txt,./data/raw/sequence_20241230_104658_20250528.txt,data/raw
./versions/sequences/sequence_20241230_104745.txt,./data/raw/sequence_20241230_104745_20250528.txt,data/raw
./versions/sequences/sequence_20241230_104833.txt,./data/raw/sequence_20241230_104833_20250528.txt,data/raw
./versions/sequences/sequence_20241230_104954.txt,./data/raw/sequence_20241230_104954_20250528.txt,data/raw
./versions/sequences/sequence_20241230_105018.txt,./data/raw/sequence_20241230_105018_20250528.txt,data/raw
./versions/sequences/sequence_20241230_105057.txt,./data/raw/sequence_20241230_105057_20250528.txt,data/raw
./versions/sequences/sequence_20241230_105121.txt,./data/raw/sequence_20241230_105121_20250528.txt,data/raw
./versions/sequences/sequence_20241230_105403.txt,./data/raw/sequence_20241230_105403_20250528.txt,data/raw
./versions/sequences/sequence_20241230_105424.txt,./data/raw/sequence_20241230_105424_20250528.txt,data/raw
./versions/sequences/sequence_20241230_105500.txt,./data/raw/sequence_20241230_105500_20250528.txt,data/raw
./versions/sequences/sequence_20241230_105527.txt,./data/raw/sequence_20241230_105527_20250528.txt,data/raw
./versions/sequences/sequence_20241230_105559.txt,./data/raw/sequence_20241230_105559_20250528.txt,data/raw
./versions/sequences/sequence_20241230_105629.txt,./data/raw/sequence_20241230_105629_20250528.txt,data/raw
./versions/sequences/sequence_20241230_105700.txt,./data/raw/sequence_20241230_105700_20250528.txt,data/raw
./versions/sequences/sequence_20241230_105737.txt,./data/raw/sequence_20241230_105737_20250528.txt,data/raw
./versions/sequences/sequence_20241230_142933.txt,./data/raw/sequence_20241230_142933_20250528.txt,data/raw
./versions/sequences/sequence_20241230_143037.txt,./data/raw/sequence_20241230_143037_20250528.txt,data/raw
./versions/sequences/sequence_20241230_143113.txt,./data/raw/sequence_20241230_143113_20250528.txt,data/raw
./versions/sequences/sequence_20241230_143148.txt,./data/raw/sequence_20241230_143148_20250528.txt,data/raw
./versions/sequences/sequence_20241230_143239.txt,./data/raw/sequence_20241230_143239_20250528.txt,data/raw
./versions/sequences/sequence_20241230_143327.txt,./data/raw/sequence_20241230_143327_20250528.txt,data/raw
./versions/sequences/sequence_20241230_143410.txt,./data/raw/sequence_20241230_143410_20250528.txt,data/raw
./versions/sequences/sequence_20241230_143459.txt,./data/raw/sequence_20241230_143459_20250528.txt,data/raw
./versions/sequences/sequence_20241230_143544.txt,./data/raw/sequence_20241230_143544_20250528.txt,data/raw
./versions/sequences/sequence_20241230_143627.txt,./data/raw/sequence_20241230_143627_20250528.txt,data/raw
./versions/sequences/sequence_20241230_144431.txt,./data/raw/sequence_20241230_144431_20250528.txt,data/raw
./versions/sequences/sequence_20241230_144503.txt,./data/raw/sequence_20241230_144503_20250528.txt,data/raw
./versions/sequences/sequence_20241230_144546.txt,./data/raw/sequence_20241230_144546_20250528.txt,data/raw
./versions/sequences/sequence_20241230_144613.txt,./data/raw/sequence_20241230_144613_20250528.txt,data/raw
./versions/sequences/sequence_20241230_144655.txt,./data/raw/sequence_20241230_144655_20250528.txt,data/raw
./versions/sequences/sequence_20241230_144733.txt,./data/raw/sequence_20241230_144733_20250528.txt,data/raw
./versions/sequences/sequence_20241230_144803.txt,./data/raw/sequence_20241230_144803_20250528.txt,data/raw
./versions/sequences/sequence_20241230_144828.txt,./data/raw/sequence_20241230_144828_20250528.txt,data/raw
./versions/sequences/sequence_20241230_144851.txt,./data/raw/sequence_20241230_144851_20250528.txt,data/raw
./versions/sequences/sequence_20241230_144914.txt,./data/raw/sequence_20241230_144914_20250528.txt,data/raw
./versions/sequences/sequence_20241230_144941.txt,./data/raw/sequence_20241230_144941_20250528.txt,data/raw
./versions/sequences/sequence_20241230_145008.txt,./data/raw/sequence_20241230_145008_20250528.txt,data/raw
./versions/sequences/sequence_20241230_145035.txt,./data/raw/sequence_20241230_145035_20250528.txt,data/raw
./versions/sequences/sequence_20241230_145104.txt,./data/raw/sequence_20241230_145104_20250528.txt,data/raw
./versions/sequences/sequence_20241230_145350.txt,./data/raw/sequence_20241230_145350_20250528.txt,data/raw
./versions/sequences/sequence_20241230_145417.txt,./data/raw/sequence_20241230_145417_20250528.txt,data/raw
./versions/sequences/sequence_20241230_145505.txt,./data/raw/sequence_20241230_145505_20250528.txt,data/raw
./versions/sequences/sequence_20241230_145544.txt,./data/raw/sequence_20241230_145544_20250528.txt,data/raw
./versions/sequences/sequence_20241230_145616.txt,./data/raw/sequence_20241230_145616_20250528.txt,data/raw
./versions/sequences/sequence_20241230_145656.txt,./data/raw/sequence_20241230_145656_20250528.txt,data/raw
./versions/sequences/sequence_20241230_145812.txt,./data/raw/sequence_20241230_145812_20250528.txt,data/raw
./versions/sequences/sequence_20241230_145841.txt,./data/raw/sequence_20241230_145841_20250528.txt,data/raw
./versions/sequences/sequence_20241230_145914.txt,./data/raw/sequence_20241230_145914_20250528.txt,data/raw
./versions/sequences/sequence_20241230_145940.txt,./data/raw/sequence_20241230_145940_20250528.txt,data/raw
./versions/sequences/sequence_20241230_150007.txt,./data/raw/sequence_20241230_150007_20250528.txt,data/raw
./versions/sequences/sequence_20241230_150041.txt,./data/raw/sequence_20241230_150041_20250528.txt,data/raw
./versions/sequences/sequence_20241230_150115.txt,./data/raw/sequence_20241230_150115_20250528.txt,data/raw
./versions/sequences/sequence_20241230_150141.txt,./data/raw/sequence_20241230_150141_20250528.txt,data/raw
./versions/sequences/sequence_20241230_150215.txt,./data/raw/sequence_20241230_150215_20250528.txt,data/raw
./versions/sequences/sequence_20241230_150251.txt,./data/raw/sequence_20241230_150251_20250528.txt,data/raw
./versions/sequences/sequence_20241230_150330.txt,./data/raw/sequence_20241230_150330_20250528.txt,data/raw
./versions/sequences/sequence_20241230_150450.txt,./data/raw/sequence_20241230_150450_20250528.txt,data/raw
./versions/sequences/sequence_20241230_150530.txt,./data/raw/sequence_20241230_150530_20250528.txt,data/raw
./versions/sequences/sequence_20241230_150614.txt,./data/raw/sequence_20241230_150614_20250528.txt,data/raw
./versions/sequences/sequence_20241230_150657.txt,./data/raw/sequence_20241230_150657_20250528.txt,data/raw
./versions/sequences/sequence_20241230_151111.txt,./data/raw/sequence_20241230_151111_20250528.txt,data/raw
./versions/sequences/sequence_20241230_151329.txt,./data/raw/sequence_20241230_151329_20250528.txt,data/raw
./versions/sequences/sequence_20241230_151427.txt,./data/raw/sequence_20241230_151427_20250528.txt,data/raw
./versions/sequences/sequence_20241230_151458.txt,./data/raw/sequence_20241230_151458_20250528.txt,data/raw
./versions/sequences/sequence_20241230_151616.txt,./data/raw/sequence_20241230_151616_20250528.txt,data/raw
./versions/sequences/sequence_20241230_151747.txt,./data/raw/sequence_20241230_151747_20250528.txt,data/raw
./versions/sequences/sequence_20241230_151829.txt,./data/raw/sequence_20241230_151829_20250528.txt,data/raw
./versions/sequences/sequence_20241230_152115.txt,./data/raw/sequence_20241230_152115_20250528.txt,data/raw
./versions/sequences/sequence_20241230_152145.txt,./data/raw/sequence_20241230_152145_20250528.txt,data/raw
./versions/sequences/sequence_20241230_152218.txt,./data/raw/sequence_20241230_152218_20250528.txt,data/raw
./versions/sequences/sequence_20241230_152248.txt,./data/raw/sequence_20241230_152248_20250528.txt,data/raw
./versions/sequences/sequence_20241230_152319.txt,./data/raw/sequence_20241230_152319_20250528.txt,data/raw
./versions/sequences/sequence_20241230_152351.txt,./data/raw/sequence_20241230_152351_20250528.txt,data/raw
./versions/sequences/sequence_20241230_152426.txt,./data/raw/sequence_20241230_152426_20250528.txt,data/raw
./versions/sequences/sequence_20241230_152519.txt,./data/raw/sequence_20241230_152519_20250528.txt,data/raw
./versions/sequences/sequence_20241230_152554.txt,./data/raw/sequence_20241230_152554_20250528.txt,data/raw
./versions/sequences/sequence_20241230_152751.txt,./data/raw/sequence_20241230_152751_20250528.txt,data/raw
./versions/sequences/sequence_20241230_152818.txt,./data/raw/sequence_20241230_152818_20250528.txt,data/raw
./versions/sequences/sequence_20241230_152840.txt,./data/raw/sequence_20241230_152840_20250528.txt,data/raw
./versions/sequences/sequence_20241230_152917.txt,./data/raw/sequence_20241230_152917_20250528.txt,data/raw
./versions/sequences/sequence_20241230_152947.txt,./data/raw/sequence_20241230_152947_20250528.txt,data/raw
./versions/sequences/sequence_20241230_153658.txt,./data/raw/sequence_20241230_153658_20250528.txt,data/raw
./versions/sequences/sequence_20241230_153734.txt,./data/raw/sequence_20241230_153734_20250528.txt,data/raw
./versions/sequences/sequence_20241230_153801.txt,./data/raw/sequence_20241230_153801_20250528.txt,data/raw
./versions/sequences/sequence_20241230_153823.txt,./data/raw/sequence_20241230_153823_20250528.txt,data/raw
./versions/sequences/sequence_20241230_153850.txt,./data/raw/sequence_20241230_153850_20250528.txt,data/raw
./versions/sequences/sequence_20241230_153914.txt,./data/raw/sequence_20241230_153914_20250528.txt,data/raw
./versions/sequences/sequence_20241230_153933.txt,./data/raw/sequence_20241230_153933_20250528.txt,data/raw
./versions/sequences/sequence_20241230_154001.txt,./data/raw/sequence_20241230_154001_20250528.txt,data/raw
./versions/sequences/sequence_20241230_154028.txt,./data/raw/sequence_20241230_154028_20250528.txt,data/raw
./versions/sequences/sequence_20241230_154057.txt,./data/raw/sequence_20241230_154057_20250528.txt,data/raw
./versions/sequences/sequence_20241230_154125.txt,./data/raw/sequence_20241230_154125_20250528.txt,data/raw
./versions/sequences/sequence_20241230_210618.txt,./data/raw/sequence_20241230_210618_20250528.txt,data/raw
./versions/sequences/sequence_20241230_210647.txt,./data/raw/sequence_20241230_210647_20250528.txt,data/raw
./versions/sequences/sequence_20241230_210710.txt,./data/raw/sequence_20241230_210710_20250528.txt,data/raw
./versions/sequences/sequence_20241230_210756.txt,./data/raw/sequence_20241230_210756_20250528.txt,data/raw
./versions/sequences/sequence_20241230_214502.txt,./data/raw/sequence_20241230_214502_20250528.txt,data/raw
./versions/sequences/sequence_20241230_214633.txt,./data/raw/sequence_20241230_214633_20250528.txt,data/raw
./versions/sequences/sequence_20241230_214708.txt,./data/raw/sequence_20241230_214708_20250528.txt,data/raw
./versions/sequences/sequence_20241230_214743.txt,./data/raw/sequence_20241230_214743_20250528.txt,data/raw
./versions/sequences/sequence_20241230_214819.txt,./data/raw/sequence_20241230_214819_20250528.txt,data/raw
./versions/sequences/sequence_20241230_214856.txt,./data/raw/sequence_20241230_214856_20250528.txt,data/raw
./versions/sequences/sequence_20241230_214934.txt,./data/raw/sequence_20241230_214934_20250528.txt,data/raw
./versions/sequences/sequence_20241230_215337.txt,./data/raw/sequence_20241230_215337_20250528.txt,data/raw
./versions/sequences/sequence_20241230_215418.txt,./data/raw/sequence_20241230_215418_20250528.txt,data/raw
./versions/sequences/sequence_20241230_215502.txt,./data/raw/sequence_20241230_215502_20250528.txt,data/raw
./versions/sequences/sequence_20241230_215545.txt,./data/raw/sequence_20241230_215545_20250528.txt,data/raw
./versions/sequences/sequence_20241230_215653.txt,./data/raw/sequence_20241230_215653_20250528.txt,data/raw
./versions/sequences/sequence_20241230_215747.txt,./data/raw/sequence_20241230_215747_20250528.txt,data/raw
./versions/sequences/sequence_20241230_215839.txt,./data/raw/sequence_20241230_215839_20250528.txt,data/raw
./versions/sequences/sequence_20241230_215927.txt,./data/raw/sequence_20241230_215927_20250528.txt,data/raw
./versions/sequences/sequence_20241230_220019.txt,./data/raw/sequence_20241230_220019_20250528.txt,data/raw
./versions/sequences/sequence_20241230_220141.txt,./data/raw/sequence_20241230_220141_20250528.txt,data/raw
./versions/sequences/sequence_20241230_220231.txt,./data/raw/sequence_20241230_220231_20250528.txt,data/raw
./versions/sequences/sequence_20241230_220315.txt,./data/raw/sequence_20241230_220315_20250528.txt,data/raw
./versions/sequences/sequence_20241230_220406.txt,./data/raw/sequence_20241230_220406_20250528.txt,data/raw
./versions/sequences/sequence_20241230_220453.txt,./data/raw/sequence_20241230_220453_20250528.txt,data/raw
./versions/sequences/sequence_20241230_220541.txt,./data/raw/sequence_20241230_220541_20250528.txt,data/raw
./versions/sequences/sequence_20241230_220635.txt,./data/raw/sequence_20241230_220635_20250528.txt,data/raw
./versions/sequences/sequence_20241230_220727.txt,./data/raw/sequence_20241230_220727_20250528.txt,data/raw
./versions/sequences/sequence_20241230_220816.txt,./data/raw/sequence_20241230_220816_20250528.txt,data/raw
./versions/sequences/sequence_20241231_041429.txt,./data/raw/sequence_20241231_041429_20250528.txt,data/raw
./versions/sequences/sequence_20250101_122546.txt,./data/raw/sequence_20250101_122546_20250528.txt,data/raw
./~/bitcoin/key2wif.py,./src/key2wif.py,src
./~/pattern/analyze_sequence.py,./src/analyze_sequence_1.py,src
./combined_search.log,./output/logs/combined_search_20250528.log,output/logs
./solvers/src/__pycache__/__init__.cpython-313.pyc,./archive/__init__.cpython-313.pyc,archive
./solvers/src/config/__pycache__/__init__.cpython-313.pyc,./archive/__init__.cpython-313_1.pyc,archive
./solvers/src/config/__pycache__/known_solutions.cpython-313.pyc,./archive/known_solutions.cpython-313.pyc,archive
./bitcoin_puzzle_solver/analysis/__init__.py,./src/__init___13.py,src
./bitcoin_puzzle_solver/bitcoin/__init__.py,./src/__init___14.py,src
./bitcoin_puzzle_solver/crypto/__init__.py,./src/__init___15.py,src
./bitcoin_puzzle_solver/generators/__init__.py,./src/__init___16.py,src
./bitcoin_puzzle_solver/constants.py,./src/constants.py,src
./fix_function_order.py,./scripts/fix_function_order.py,scripts
./key_sequence_generator.py,./src/key_sequence_generator_1.py,src
./analyze_sequence_quick.py,./src/analyze_sequence_quick.py,src
./wif_convert.py,./src/wif_convert.py,src
./output.log,./output/logs/output_20250528.log,output/logs
./analysis_output.txt,./data/raw/analysis_output_20250529.txt,data/raw
./bitshift_analysis.txt,./data/raw/bitshift_analysis_20250529.txt,data/raw
./puzzle_solver.log,./output/logs/puzzle_solver_20250529.log,output/logs
./test_fix.py,./tests/test_fix.py,tests
./test_growing_formulas.py,./tests/test_growing_formulas.py,tests
./quick_test_12_18.py,./src/quick_test_12_18.py,src
./test_expanded_constants.py,./tests/test_expanded_constants.py,tests
./test_constants_only.py,./tests/test_constants_only.py,tests
./BITCOIN_PUZZLE_BREAKTHROUGH.md,./output/reports/BITCOIN_PUZZLE_BREAKTHROUGH.md,output/reports
./analyze_complex_patterns.py,./src/analyze_complex_patterns.py,src
./test_bitshift_patterns.py,./tests/test_bitshift_patterns.py,tests
./test_refined_bitshift.py,./tests/test_refined_bitshift.py,tests
./COMPLETE_BITCOIN_PATTERN.md,./output/reports/COMPLETE_BITCOIN_PATTERN.md,output/reports
./comprehensive_puzzle_test.py,./src/comprehensive_puzzle_test.py,src
./estimate_next_constant.py,./src/estimate_next_constant.py,src
./FINAL_BREAKTHROUGH_SUMMARY.md,./output/reports/FINAL_BREAKTHROUGH_SUMMARY.md,output/reports
./analyze_extended_sequence.py,./src/analyze_extended_sequence.py,src
./discover_extended_pattern.py,./src/discover_extended_pattern.py,src
./COMPLETE_BITCOIN_SOLUTION.md,./output/reports/COMPLETE_BITCOIN_SOLUTION.md,output/reports
./predict_position_75.py,./src/predict_position_75.py,src
./check_prediction_75.py,./src/check_prediction_75.py,src
./predict_position_71.py,./src/predict_position_71.py,src
./check_prediction_71.py,./src/check_prediction_71.py,src
./validate_prediction_71.py,./tests/validate_prediction_71.py,tests
./find_actual_key_71.py,./src/find_actual_key_71.py,src
./comprehensive_search_71.py,./src/comprehensive_search_71.py,src
./Kangaroo/.git/description,./archive/description,archive
./Kangaroo/.git/hooks/applypatch-msg.sample,./archive/applypatch-msg.sample,archive
./Kangaroo/.git/hooks/commit-msg.sample,./archive/commit-msg.sample,archive
./Kangaroo/.git/hooks/fsmonitor-watchman.sample,./archive/fsmonitor-watchman.sample,archive
./Kangaroo/.git/hooks/post-update.sample,./archive/post-update.sample,archive
./Kangaroo/.git/hooks/pre-applypatch.sample,./archive/pre-applypatch.sample,archive
./Kangaroo/.git/hooks/pre-commit.sample,./archive/pre-commit.sample,archive
./Kangaroo/.git/hooks/pre-merge-commit.sample,./archive/pre-merge-commit.sample,archive
./Kangaroo/.git/hooks/pre-push.sample,./archive/pre-push.sample,archive
./Kangaroo/.git/hooks/pre-rebase.sample,./archive/pre-rebase.sample,archive
./Kangaroo/.git/hooks/pre-receive.sample,./archive/pre-receive.sample,archive
./Kangaroo/.git/hooks/prepare-commit-msg.sample,./archive/prepare-commit-msg.sample,archive
./Kangaroo/.git/hooks/push-to-checkout.sample,./archive/push-to-checkout.sample,archive
./Kangaroo/.git/hooks/update.sample,./archive/update.sample,archive
./Kangaroo/.git/info/exclude,./archive/exclude,archive
./Kangaroo/.git/objects/pack/pack-9c363a27890cf5ef3864f307130ba491ecd6bf94.pack,./archive/pack-9c363a27890cf5ef3864f307130ba491ecd6bf94.pack,archive
./Kangaroo/.git/HEAD,./archive/HEAD,archive
./Kangaroo/.git/logs/refs/heads/master,./archive/master,archive
./Kangaroo/.git/objects/pack/pack-9c363a27890cf5ef3864f307130ba491ecd6bf94.idx,./archive/pack-9c363a27890cf5ef3864f307130ba491ecd6bf94.idx,archive
./Kangaroo/.git/packed-refs,./archive/packed-refs,archive
./Kangaroo/Backup.cpp,./archive/Backup.cpp,archive
./Kangaroo/Check.cpp,./archive/Check.cpp,archive
./Kangaroo/Constants.h,./src/Constants.h,src
./Kangaroo/DOC/architecture.jpg,./archive/architecture.jpg,archive
./Kangaroo/DOC/keys110.jpg,./archive/keys110.jpg,archive
./Kangaroo/DOC/paths.jpg,./archive/paths.jpg,archive
./Kangaroo/DOC/successprob.jpg,./archive/successprob.jpg,archive
./Kangaroo/GPU/GPUCompute.h,./src/GPUCompute.h,src
./Kangaroo/GPU/GPUEngine.cu,./archive/GPUEngine.cu,archive
./Kangaroo/GPU/GPUEngine.h,./src/GPUEngine.h,src
./Kangaroo/GPU/GPUGenerate.cpp,./archive/GPUGenerate.cpp,archive
./Kangaroo/GPU/GPUMath.h,./src/GPUMath.h,src
./Kangaroo/HashTable.cpp,./archive/HashTable.cpp,archive
./Kangaroo/HashTable.h,./src/HashTable.h,src
./Kangaroo/Kangaroo.cpp,./archive/Kangaroo.cpp,archive
./Kangaroo/Kangaroo.h,./src/Kangaroo.h,src
./Kangaroo/LICENSE.txt,./data/raw/LICENSE_20250529.txt,data/raw
./Kangaroo/Makefile,./archive/Makefile,archive
./Kangaroo/Merge.cpp,./archive/Merge.cpp,archive
./Kangaroo/Network.cpp,./archive/Network.cpp,archive
./Kangaroo/PartMerge.cpp,./archive/PartMerge.cpp,archive
./Kangaroo/README.md,./output/reports/README_4.md,output/reports
./Kangaroo/SECPK1/Int.cpp,./archive/Int.cpp,archive
./Kangaroo/SECPK1/Int.h,./src/Int.h,src
./Kangaroo/SECPK1/IntGroup.cpp,./archive/IntGroup.cpp,archive
./Kangaroo/SECPK1/IntGroup.h,./src/IntGroup.h,src
./Kangaroo/SECPK1/IntMod.cpp,./archive/IntMod.cpp,archive
./Kangaroo/SECPK1/Point.cpp,./archive/Point.cpp,archive
./Kangaroo/SECPK1/Point.h,./src/Point.h,src
./Kangaroo/SECPK1/Random.cpp,./archive/Random.cpp,archive
./Kangaroo/SECPK1/Random.h,./src/Random.h,src
./Kangaroo/SECPK1/SECP256K1.cpp,./archive/SECP256K1.cpp,archive
./Kangaroo/SECPK1/SECP256k1.h,./src/SECP256k1.h,src
./Kangaroo/Thread.cpp,./archive/Thread.cpp,archive
./Kangaroo/Timer.cpp,./archive/Timer.cpp,archive
./Kangaroo/Timer.h,./src/Timer.h,src
./Kangaroo/VC_CUDA10/Kangaroo.sln,./archive/Kangaroo.sln,archive
./Kangaroo/VC_CUDA10/Kangaroo.vcxproj,./archive/Kangaroo.vcxproj,archive
./Kangaroo/VC_CUDA10/Kangaroo.vcxproj.filters,./archive/Kangaroo.vcxproj.filters,archive
./Kangaroo/VC_CUDA10/in.txt,./data/raw/in_20250529.txt,data/raw
./Kangaroo/VC_CUDA10/in64_20.txt,./data/raw/in64_20_20250529.txt,data/raw
./Kangaroo/VC_CUDA10/in72_20.txt,./data/raw/in72_20_20250529.txt,data/raw
./Kangaroo/VC_CUDA102/Kangaroo.sln,./archive/Kangaroo_1.sln,archive
./Kangaroo/VC_CUDA102/Kangaroo.vcxproj,./archive/Kangaroo_1.vcxproj,archive
./Kangaroo/VC_CUDA102/Kangaroo.vcxproj.filters,./archive/Kangaroo.vcxproj_1.filters,archive
./Kangaroo/VC_CUDA8/Kangaroo.sln,./archive/Kangaroo_2.sln,archive
./Kangaroo/VC_CUDA8/Kangaroo.vcxproj,./archive/Kangaroo_2.vcxproj,archive
./Kangaroo/VC_CUDA8/Kangaroo.vcxproj.filters,./archive/Kangaroo.vcxproj_2.filters,archive
./Kangaroo/VC_CUDA8/in40_1000.txt,./data/raw/in40_1000_20250529.txt,data/raw
./Kangaroo/VC_CUDA8/in48.txt,./data/raw/in48_20250529.txt,data/raw
./Kangaroo/VC_CUDA8/in56.txt,./data/raw/in56_20250529.txt,data/raw
./Kangaroo/VC_CUDA8/in64.txt,./data/raw/in64_20250529.txt,data/raw
./Kangaroo/VC_CUDA8/in80.txt,./data/raw/in80_20250529.txt,data/raw
./Kangaroo/WindowsErrors.h,./src/WindowsErrors.h,src
./Kangaroo/in.txt,./data/raw/in_20250529_1.txt,data/raw
./Kangaroo/main.cpp,./archive/main.cpp,archive
./Kangaroo/puzzle32.txt,./data/raw/puzzle32_20250529.txt,data/raw
./targeted_search_71.py,./src/targeted_search_71.py,src
./quick_test_71.py,./src/quick_test_71.py,src
./focused_prediction_search.py,./src/focused_prediction_search.py,src
./precise_pattern_analyzer.py,./src/precise_pattern_analyzer.py,src
./validate_breakthrough_patterns.py,./tests/validate_breakthrough_patterns.py,tests
./verify_pattern_addresses.py,./src/verify_pattern_addresses.py,src
./analyze_actual_keys.py,./src/analyze_actual_keys.py,src
./simple_pattern_analysis.py,./src/simple_pattern_analysis.py,src
./comprehensive_puzzle_solver.py,./src/comprehensive_puzzle_solver.py,src
./final_analysis_breakthrough.py,./src/final_analysis_breakthrough.py,src
./find_actual_constant.py,./src/find_actual_constant.py,src
./test_precise_constants.py,./tests/test_precise_constants.py,tests
./advanced_position_analysis.py,./src/advanced_position_analysis.py,src
./verify_error_calculations.py,./src/verify_error_calculations.py,src
./why_71_is_impossible.py,./src/why_71_is_impossible.py,src
./complete_formula_reference.py,./src/complete_formula_reference.py,src
./show_formulas.py,./src/show_formulas.py,src
./show_actual_solutions.py,./src/show_actual_solutions.py,src
./show_generated_addresses.py,./src/show_generated_addresses.py,src
./quick_test_addr.py,./src/quick_test_addr.py,src
./quick_extern.py,./src/quick_extern.py,src
./quick_compare.py,./src/quick_compare.py,src
./quick_compare2.py,./src/quick_compare2.py,src
./pub135.py,./src/pub135.py,src
./focused_search_71.py,./src/focused_search_71.py,src
./search_constant_70_71.py,./src/search_constant_70_71.py,src
./Kangaroo/.git/config,./archive/config,archive
./calculate_intermediate_keys.py,./src/calculate_intermediate_keys.py,src
./calculate_between_fives.py,./src/calculate_between_fives.py,src
./find_intermediate_constants.py,./src/find_intermediate_constants.py,src
./verify_generated_values.py,./src/verify_generated_values.py,src
./analyze_known_keys_only.py,./src/analyze_known_keys_only.py,src
./known_keys_only.txt,./data/raw/known_keys_only_20250529.txt,data/raw
./bitcoin_puzzle_known_facts.md,./output/reports/bitcoin_puzzle_known_facts.md,output/reports
./investigate_upper_half.py,./src/investigate_upper_half.py,src
./extract_private_keys.py,./src/extract_private_keys.py,src
./lattice_attack_analyzer.py,./src/lattice_attack_analyzer.py,src
./polynomial_attack_implementation.py,./src/polynomial_attack_implementation.py,src
./simple_polynomial_attack.py,./src/simple_polynomial_attack.py,src
./HENINGER_RESEARCH_VALIDATION.md,./output/reports/HENINGER_RESEARCH_VALIDATION.md,output/reports
./bitcoin_puzzle_vulnerability_exploit.py,./src/bitcoin_puzzle_vulnerability_exploit.py,src
./practical_vulnerability_proof.py,./src/practical_vulnerability_proof.py,src
./run_vulnerability_demonstration.py,./src/run_vulnerability_demonstration.py,src
./analysis_summary.txt,./data/raw/analysis_summary_20250529.txt,data/raw
./real_lattice_attack_implementation.py,./src/real_lattice_attack_implementation.py,src
./validate_recovered_keys.py,./tests/validate_recovered_keys.py,tests
./simple_key_validator.py,./src/simple_key_validator.py,src
./create_kangaroo_input_71.py,./src/create_kangaroo_input_71.py,src
./Kangaroo/puzzle71_input.txt,./data/raw/puzzle71_input_20250529.txt,data/raw
./Kangaroo/puzzle71_small.txt,./data/raw/puzzle71_small_20250529.txt,data/raw
./Kangaroo/obj/SECPK1/IntGroup.o,./archive/IntGroup.o,archive
./Kangaroo/obj/main.o,./archive/main.o,archive
./Kangaroo/obj/SECPK1/Random.o,./archive/Random.o,archive
./Kangaroo/obj/Timer.o,./archive/Timer.o,archive
./Kangaroo/obj/SECPK1/Int.o,./archive/Int.o,archive
./Kangaroo/obj/SECPK1/IntMod.o,./archive/IntMod.o,archive
./Kangaroo/obj/SECPK1/Point.o,./archive/Point.o,archive
./Kangaroo/obj/SECPK1/SECP256K1.o,./archive/SECP256K1.o,archive
./Kangaroo/obj/Kangaroo.o,./archive/Kangaroo.o,archive
./Kangaroo/obj/HashTable.o,./archive/HashTable.o,archive
./Kangaroo/obj/Thread.o,./archive/Thread.o,archive
./Kangaroo/obj/Check.o,./archive/Check.o,archive
./Kangaroo/obj/Backup.o,./archive/Backup.o,archive
./Kangaroo/obj/Network.o,./archive/Network.o,archive
./Kangaroo/obj/Merge.o,./archive/Merge.o,archive
./Kangaroo/obj/PartMerge.o,./archive/PartMerge.o,archive
./Kangaroo/kangaroo,./archive/kangaroo,archive
./verify_position_71_result.py,./src/verify_position_71_result.py,src
./create_position_71_search.py,./src/create_position_71_search.py,src
./key_sequence_generator9.py,./src/key_sequence_generator9.py,src
./Kangaroo/.git/COMMIT_EDITMSG,./archive/COMMIT_EDITMSG,archive
./Kangaroo/.git/objects/06/1731c76acc28f419cf03ef0e2de17ca1000475,./archive/1731c76acc28f419cf03ef0e2de17ca1000475,archive
./Kangaroo/.git/objects/2f/cf78779064742952d25c19b1c0aaa8f3187a71,./archive/cf78779064742952d25c19b1c0aaa8f3187a71,archive
./Kangaroo/.git/objects/3f/ad70a5a088f1b103e1afbeb5b3f304bd5868bd,./archive/ad70a5a088f1b103e1afbeb5b3f304bd5868bd,archive
./Kangaroo/.git/objects/ce/49c6ba4f035ccb19626bb098e5a0d1484e5485,./archive/49c6ba4f035ccb19626bb098e5a0d1484e5485,archive
./Kangaroo/.git/objects/e4/67e4bc128706ad8b04a45d1226174e66eac508,./archive/67e4bc128706ad8b04a45d1226174e66eac508,archive
./Kangaroo/.git/objects/fa/daf35ee03a2d5cfa0f2d086d4877019ecaced6,./archive/daf35ee03a2d5cfa0f2d086d4877019ecaced6,archive
./__pycache__/precise_pattern_analyzer.cpython-313.pyc,./archive/precise_pattern_analyzer.cpython-313.pyc,archive
./Kangaroo/.git/index,./archive/index,archive
./keyhunt/.git/hooks/applypatch-msg.sample,./archive/applypatch-msg_1.sample,archive
./keyhunt/.git/hooks/commit-msg.sample,./archive/commit-msg_1.sample,archive
./keyhunt/.git/hooks/fsmonitor-watchman.sample,./archive/fsmonitor-watchman_1.sample,archive
./keyhunt/.git/hooks/post-update.sample,./archive/post-update_1.sample,archive
./keyhunt/.git/hooks/pre-applypatch.sample,./archive/pre-applypatch_1.sample,archive
./keyhunt/.git/hooks/pre-commit.sample,./archive/pre-commit_1.sample,archive
./keyhunt/.git/hooks/pre-merge-commit.sample,./archive/pre-merge-commit_1.sample,archive
./keyhunt/.git/hooks/pre-push.sample,./archive/pre-push_1.sample,archive
./keyhunt/.git/hooks/pre-rebase.sample,./archive/pre-rebase_1.sample,archive
./keyhunt/.git/hooks/pre-receive.sample,./archive/pre-receive_1.sample,archive
./keyhunt/.git/hooks/prepare-commit-msg.sample,./archive/prepare-commit-msg_1.sample,archive
./keyhunt/.git/hooks/push-to-checkout.sample,./archive/push-to-checkout_1.sample,archive
./keyhunt/.git/hooks/update.sample,./archive/update_1.sample,archive
./keyhunt/.git/objects/pack/pack-b72b9bb2e809dbc36fa691192964d89b6fbc575d.pack,./archive/pack-b72b9bb2e809dbc36fa691192964d89b6fbc575d.pack,archive
./keyhunt/.git/logs/refs/heads/main,./archive/main,archive
./keyhunt/.git/objects/pack/pack-b72b9bb2e809dbc36fa691192964d89b6fbc575d.idx,./archive/pack-b72b9bb2e809dbc36fa691192964d89b6fbc575d.idx,archive
./keyhunt/BSGSD.md,./output/reports/BSGSD.md,output/reports
./keyhunt/CHANGELOG.md,./output/reports/CHANGELOG_1.md,output/reports
./keyhunt/README.md,./output/reports/README_5.md,output/reports
./keyhunt/TODO.md,./output/reports/TODO.md,output/reports
./keyhunt/base58/base58.c,./src/base58.c,src
./keyhunt/base58/libbase58.h,./src/libbase58.h,src
./keyhunt/bloom/bloom.cpp,./archive/bloom.cpp,archive
./keyhunt/bloom/bloom.h,./src/bloom.h,src
./keyhunt/bsgsd.cpp,./archive/bsgsd.cpp,archive
./keyhunt/gmp256k1/GMP256K1.cpp,./archive/GMP256K1.cpp,archive
./keyhunt/gmp256k1/GMP256K1.h,./src/GMP256K1.h,src
./keyhunt/gmp256k1/Int.cpp,./archive/Int_1.cpp,archive
./keyhunt/gmp256k1/Int.h,./src/Int_1.h,src
./keyhunt/gmp256k1/IntGroup.cpp,./archive/IntGroup_1.cpp,archive
./keyhunt/gmp256k1/IntGroup.h,./src/IntGroup_1.h,src
./keyhunt/gmp256k1/IntMod.cpp,./archive/IntMod_1.cpp,archive
./keyhunt/gmp256k1/Point.cpp,./archive/Point_1.cpp,archive
./keyhunt/gmp256k1/Point.h,./src/Point_1.h,src
./keyhunt/gmp256k1/Random.cpp,./archive/Random_1.cpp,archive
./keyhunt/gmp256k1/Random.h,./src/Random_1.h,src
./keyhunt/hash/ripemd160.cpp,./archive/ripemd160.cpp,archive
./keyhunt/hash/ripemd160.h,./src/ripemd160.h,src
./keyhunt/hash/ripemd160_sse.cpp,./archive/ripemd160_sse.cpp,archive
./keyhunt/hash/sha256.cpp,./archive/sha256.cpp,archive
./keyhunt/hash/sha256.h,./src/sha256.h,src
./keyhunt/hash/sha256_sse.cpp,./archive/sha256_sse.cpp,archive
./keyhunt/hash/sha512.cpp,./archive/sha512.cpp,archive
./keyhunt/hash/sha512.h,./src/sha512.h,src
./keyhunt/hashing.c,./src/hashing.c,src
./keyhunt/hashing.h,./src/hashing.h,src
./keyhunt/keyhunt.cpp,./archive/keyhunt.cpp,archive
./keyhunt/keyhunt_legacy.cpp,./archive/keyhunt_legacy.cpp,archive
./keyhunt/oldbloom/bloom.cpp,./archive/bloom_1.cpp,archive
./keyhunt/oldbloom/oldbloom.h,./src/oldbloom.h,src
./keyhunt/rmd160/rmd160.c,./src/rmd160.c,src
./keyhunt/rmd160/rmd160.h,./src/rmd160.h,src
./keyhunt/secp256k1/Int.cpp,./archive/Int_2.cpp,archive
./keyhunt/secp256k1/Int.h,./src/Int_2.h,src
./keyhunt/secp256k1/IntGroup.cpp,./archive/IntGroup_2.cpp,archive
./keyhunt/secp256k1/IntGroup.h,./src/IntGroup_2.h,src
./keyhunt/secp256k1/IntMod.cpp,./archive/IntMod_2.cpp,archive
./keyhunt/secp256k1/Point.cpp,./archive/Point_2.cpp,archive
./keyhunt/secp256k1/Point.h,./src/Point_2.h,src
./keyhunt/secp256k1/Random.cpp,./archive/Random_2.cpp,archive
./keyhunt/secp256k1/Random.h,./src/Random_2.h,src
./keyhunt/secp256k1/SECP256K1.cpp,./archive/SECP256K1_1.cpp,archive
./keyhunt/secp256k1/SECP256k1.h,./src/SECP256k1_1.h,src
./keyhunt/sha3/keccak.c,./src/keccak.c,src
./keyhunt/sha3/keccak.h,./src/keccak.h,src
./keyhunt/sha3/sha3.c,./src/sha3.c,src
./keyhunt/sha3/sha3.h,./src/sha3.h,src
./keyhunt/tests/120.txt,./tests/120.txt,tests
./keyhunt/tests/125.txt,./tests/125.txt,tests
./keyhunt/tests/130.txt,./tests/130.txt,tests
./keyhunt/tests/1to32.eth,./tests/1to32.eth,tests
./keyhunt/tests/1to32.rmd,./tests/1to32.rmd,tests
./keyhunt/tests/1to32.txt,./tests/1to32.txt,tests
./keyhunt/tests/1to63_65.txt,./tests/1to63_65.txt,tests
./keyhunt/tests/63.pub,./tests/63.pub,tests
./keyhunt/tests/64.rmd,./tests/64.rmd,tests
./keyhunt/tests/64.txt,./tests/64.txt,tests
./keyhunt/tests/66.rmd,./tests/66.rmd,tests
./keyhunt/tests/66.txt,./tests/66.txt,tests
./keyhunt/tests/in.txt,./tests/in.txt,tests
./keyhunt/tests/minikeys.txt,./tests/minikeys.txt,tests
./keyhunt/tests/puzzleswopublickey.txt,./tests/puzzleswopublickey.txt,tests
./keyhunt/tests/substracted40.txt,./tests/substracted40.txt,tests
./keyhunt/tests/test120.txt,./tests/test120.txt,tests
./keyhunt/tests/unsolvedpuzzles.rmd,./tests/unsolvedpuzzles.rmd,tests
./keyhunt/tests/unsolvedpuzzles.txt,./tests/unsolvedpuzzles.txt,tests
./keyhunt/tests/vanitytargets.txt,./tests/vanitytargets.txt,tests
./keyhunt/util.c,./src/util.c,src
./keyhunt/util.h,./src/util.h,src
./keyhunt/xxhash/xxhash.c,./src/xxhash.c,src
./keyhunt/xxhash/xxhash.h,./src/xxhash.h,src
./keyhunt/oldbloom.o,./archive/oldbloom.o,archive
./keyhunt/base58.o,./archive/base58.o,archive
./keyhunt/bloom.o,./archive/bloom.o,archive
./keyhunt/rmd160.o,./archive/rmd160.o,archive
./keyhunt/sha3.o,./archive/sha3.o,archive
./keyhunt/keccak.o,./archive/keccak.o,archive
./keyhunt/xxhash.o,./archive/xxhash.o,archive
./keyhunt/util.o,./archive/util.o,archive
./keyhunt/Int.o,./archive/Int_1.o,archive
./keyhunt/Point.o,./archive/Point_1.o,archive
./keyhunt/SECP256K1.o,./archive/SECP256K1_1.o,archive
./keyhunt/IntGroup.o,./archive/IntGroup_1.o,archive
./keyhunt/IntMod.o,./archive/IntMod_1.o,archive
./keyhunt/Random.o,./archive/Random_1.o,archive
./keyhunt/hash/ripemd160.o,./archive/ripemd160.o,archive
./keyhunt/hash/sha256.o,./archive/sha256.o,archive
./keyhunt/hash/ripemd160_sse.o,./archive/ripemd160_sse.o,archive
./keyhunt/hash/sha256_sse.o,./archive/sha256_sse.o,archive
./keyhunt/macos.patch,./archive/macos.patch,archive
./search_puzzle71_range.py,./src/search_puzzle71_range.py,src
./puzzle71_btc_search.py,./src/puzzle71_btc_search.py,src
./analyze_puzzle71.py,./src/analyze_puzzle71.py,src
./analyze_bit_patterns.py,./src/analyze_bit_patterns.py,src
./test_position_71.py,./tests/test_position_71.py,tests
./__pycache__/key_sequence_generator.cpython-313.pyc,./archive/key_sequence_generator.cpython-313.pyc,archive
./predict_next_positions.py,./src/predict_next_positions.py,src
./verify_16th_power_factors.py,./src/verify_16th_power_factors.py,src
./improved_predictions.py,./src/improved_predictions.py,src
./key_search.c,./src/key_search.c,src
./equation_info.txt,./data/raw/equation_info_20250530.txt,data/raw
./power_of_2_table.txt,./data/raw/power_of_2_table_20250530.txt,data/raw
./powers,./archive/powers,archive
./sequence_power_breakdown.txt,./data/raw/sequence_power_breakdown_20250601.txt,data/raw
./key_search,./archive/key_search,archive
./pollards_rho_ecdlp.c,./src/pollards_rho_ecdlp.c,src
./find_matching_keys.py,./src/find_matching_keys.py,src
./__pycache__/complete_formula_reference.cpython-313.pyc,./archive/complete_formula_reference.cpython-313.pyc,archive
./trim_and_convert_keys.py,./scripts/trim_and_convert_keys.py,scripts
./tex,./archive/tex,archive
./files_by_creation_date.txt,./data/raw/files_by_creation_date_20250601.txt,data/raw
